trade_date,ts_code,open,high,low,close,pre_close,change,pct_chg,vol,amount
2019-11-22,601127.SH,12.75,12.85,12.61,12.68,12.75,-0.07,-0.549,9217.19,11745.782
2019-11-25,601127.SH,12.65,12.72,12.52,12.66,12.68,-0.02,-0.1577,7977.86,10058.973
2019-11-26,601127.SH,12.68,12.76,12.5,12.57,12.66,-0.09,-0.7109,10173.08,12803.924
2019-11-27,601127.SH,12.6,12.66,12.54,12.6,12.57,0.03,0.2387,6913.46,8706.729
2019-11-28,601127.SH,12.59,12.6,12.46,12.52,12.6,-0.08,-0.6349,13752.8,17231.87
2019-11-29,601127.SH,12.49,12.65,12.26,12.61,12.52,0.09,0.7188,14497.38,18248.567
2019-12-02,601127.SH,12.59,12.75,12.53,12.71,12.61,0.1,0.793,12341.67,15663.022
2019-12-03,601127.SH,12.69,12.8,12.66,12.78,12.71,0.07,0.5507,15417.0,19674.009
2019-12-04,601127.SH,12.78,12.93,12.68,12.76,12.78,-0.02,-0.1565,12902.22,16473.202
2019-12-05,601127.SH,12.82,12.83,12.62,12.66,12.76,-0.1,-0.7837,8728.58,11065.055
2019-12-06,601127.SH,12.7,12.73,12.6,12.65,12.66,-0.01,-0.079,6959.82,8810.33
2019-12-09,601127.SH,12.69,12.71,12.61,12.67,12.65,0.02,0.1581,6542.28,8283.659
2019-12-10,601127.SH,12.6,12.68,12.55,12.63,12.67,-0.04,-0.3157,9845.26,12410.865
2019-12-11,601127.SH,12.63,12.66,12.4,12.63,12.63,0.0,0.0,9095.98,11419.027
2019-12-12,601127.SH,12.63,12.64,12.47,12.52,12.63,-0.11,-0.8709,6570.09,8248.861
2019-12-13,601127.SH,12.57,12.85,12.45,12.63,12.52,0.11,0.8786,28514.36,35869.807
2019-12-16,601127.SH,12.63,12.66,12.5,12.58,12.63,-0.05,-0.3959,15659.55,19707.789
2019-12-17,601127.SH,12.57,12.87,12.54,12.86,12.58,0.28,2.2258,30260.05,38635.599
2019-12-18,601127.SH,12.87,13.47,12.75,13.38,12.86,0.52,4.0435,40902.81,53221.726
2019-12-19,601127.SH,13.51,13.52,12.3,12.32,13.38,-1.06,-7.9223,174472.66,221062.552
2019-12-20,601127.SH,12.2,12.22,11.63,11.74,12.32,-0.58,-4.7078,107609.18,127943.927
2019-12-23,601127.SH,11.67,11.81,11.54,11.55,11.74,-0.19,-1.6184,37057.3,43128.27
2019-12-24,601127.SH,11.63,11.73,11.59,11.65,11.55,0.1,0.8658,19612.16,22814.681
2019-12-25,601127.SH,11.65,11.77,11.61,11.65,11.65,0.0,0.0,22336.24,26089.715
2019-12-26,601127.SH,11.65,11.67,11.54,11.62,11.65,-0.03,-0.2575,19919.82,23068.286
2019-12-27,601127.SH,11.61,11.64,11.53,11.54,11.62,-0.08,-0.6885,25497.71,29569.289
2019-12-30,601127.SH,11.5,11.51,11.32,11.4,11.54,-0.14,-1.2132,26972.0,30741.138
2019-12-31,601127.SH,11.4,11.45,11.36,11.4,11.4,0.0,0.0,18331.54,20904.297
2020-01-02,601127.SH,11.46,11.5,11.41,11.49,11.4,0.09,0.7895,24177.92,27739.209
2020-01-03,601127.SH,11.5,11.54,11.47,11.5,11.49,0.01,0.087,17999.0,20702.355
2020-01-06,601127.SH,11.47,11.53,11.37,11.41,11.5,-0.09,-0.7826,33608.4,38355.324
2020-01-07,601127.SH,11.45,11.54,11.42,11.53,11.41,0.12,1.0517,27595.89,31704.228
2020-01-08,601127.SH,11.5,11.68,11.48,11.6,11.53,0.07,0.6071,41123.94,47768.416
2020-01-09,601127.SH,11.61,11.73,11.59,11.63,11.6,0.03,0.2586,24109.81,28098.076
2020-01-10,601127.SH,11.61,11.66,11.5,11.52,11.63,-0.11,-0.9458,19366.42,22355.634
2020-01-13,601127.SH,11.55,11.71,11.55,11.7,11.52,0.18,1.5625,25001.13,29162.862
2020-01-14,601127.SH,11.71,11.73,11.62,11.63,11.7,-0.07,-0.5983,18277.0,21330.461
2020-01-15,601127.SH,11.61,11.61,11.4,11.4,11.63,-0.23,-1.9776,20038.0,22981.836
2020-01-16,601127.SH,11.43,11.51,11.4,11.4,11.4,0.0,0.0,12096.0,13832.391
2020-01-17,601127.SH,11.45,11.46,11.35,11.35,11.4,-0.05,-0.4386,11554.75,13157.16
2020-01-20,601127.SH,11.31,11.39,11.21,11.35,11.35,0.0,0.0,18675.03,21081.847
2020-01-21,601127.SH,11.35,11.39,11.22,11.33,11.35,-0.02,-0.1762,18699.55,21127.823
2020-01-22,601127.SH,11.33,11.33,11.08,11.12,11.33,-0.21,-1.8535,17858.0,19924.109
2020-01-23,601127.SH,11.0,11.08,10.08,10.27,11.12,-0.85,-7.6439,36351.0,38410.248
2020-02-03,601127.SH,9.24,9.24,9.24,9.24,10.27,-1.03,-10.0292,5288.0,4886.112
2020-02-04,601127.SH,8.32,8.82,8.32,8.35,9.24,-0.89,-9.632,63025.78,53238.362
2020-02-05,601127.SH,8.41,8.78,8.4,8.78,8.35,0.43,5.1497,47699.37,41305.722
2020-02-06,601127.SH,8.75,9.18,8.65,9.1,8.78,0.32,3.6446,38538.99,34614.425
2020-02-07,601127.SH,9.37,9.4,9.11,9.25,9.1,0.15,1.6484,33841.98,31308.263
2020-02-10,601127.SH,9.25,9.48,9.21,9.47,9.25,0.22,2.3784,25406.0,23825.945
2020-02-11,601127.SH,9.43,9.58,9.32,9.42,9.47,-0.05,-0.528,17103.86,16160.202
2020-02-12,601127.SH,9.43,9.53,9.38,9.52,9.42,0.1,1.0616,17537.06,16619.144
2020-02-13,601127.SH,9.52,9.59,9.33,9.34,9.52,-0.18,-1.8908,18001.51,16937.79
2020-02-14,601127.SH,9.38,9.42,9.17,9.3,9.34,-0.04,-0.4283,20370.91,18879.292
2020-02-17,601127.SH,9.38,9.6,9.35,9.58,9.3,0.28,3.0108,31315.7,29815.851
2020-02-18,601127.SH,9.61,9.61,9.43,9.6,9.58,0.02,0.2088,33741.16,32185.338
2020-02-19,601127.SH,9.6,9.76,9.45,9.49,9.6,-0.11,-1.1458,38942.48,37411.441
2020-02-20,601127.SH,9.51,9.75,9.42,9.7,9.49,0.21,2.2129,35906.58,34532.337
2020-02-21,601127.SH,9.69,9.94,9.62,9.82,9.7,0.12,1.2371,34275.21,33574.782
2020-02-24,601127.SH,9.75,9.79,9.58,9.64,9.82,-0.18,-1.833,31820.84,30702.754
2020-02-25,601127.SH,9.6,9.99,9.28,9.89,9.64,0.25,2.5934,68382.77,66072.851
2020-02-26,601127.SH,9.73,9.94,9.55,9.59,9.89,-0.3,-3.0334,41140.17,40017.439
2020-02-27,601127.SH,9.88,10.55,9.88,10.55,9.59,0.96,10.0104,90517.1,94223.946
2020-02-28,601127.SH,10.03,10.69,9.88,10.04,10.55,-0.51,-4.8341,107020.05,109903.499
2020-03-02,601127.SH,10.2,10.39,10.0,10.26,10.04,0.22,2.1912,72696.19,74197.006
2020-03-03,601127.SH,10.4,10.58,10.28,10.54,10.26,0.28,2.729,71885.26,74988.242
2020-03-04,601127.SH,10.42,10.98,10.41,10.94,10.54,0.4,3.7951,81985.42,87982.088
2020-03-05,601127.SH,10.93,11.24,10.64,11.09,10.94,0.15,1.3711,89630.7,97589.828
2020-03-06,601127.SH,11.02,11.19,10.93,11.01,11.09,-0.08,-0.7214,58670.91,64705.777
2020-03-09,601127.SH,10.8,10.96,10.25,10.43,11.01,-0.58,-5.2679,75200.88,79216.498
2020-03-10,601127.SH,10.44,10.82,10.38,10.65,10.43,0.22,2.1093,55628.07,58995.728
2020-03-11,601127.SH,10.65,10.66,9.92,9.98,10.65,-0.67,-6.2911,81517.92,83295.473
2020-03-13,601127.SH,9.08,9.95,9.08,9.53,9.98,-0.45,-4.509,60653.92,57336.275
2020-03-16,601127.SH,9.53,9.69,8.81,8.9,9.53,-0.63,-6.6107,64775.16,59776.443
2020-03-17,601127.SH,8.88,9.13,8.45,8.63,8.9,-0.27,-3.0337,39244.82,34145.367
2020-03-18,601127.SH,8.74,8.87,8.34,8.37,8.63,-0.26,-3.0127,34632.58,29837.349
2020-03-19,601127.SH,8.37,8.45,8.05,8.25,8.37,-0.12,-1.4337,34012.07,27951.079
2020-03-20,601127.SH,8.4,8.41,8.2,8.35,8.25,0.1,1.2121,16529.0,13713.074
2020-03-23,601127.SH,8.11,8.21,7.9,8.11,8.35,-0.24,-2.8743,25767.64,20822.368
2020-03-24,601127.SH,8.2,8.44,8.17,8.41,8.11,0.3,3.6991,29615.04,24637.623
2020-03-25,601127.SH,8.58,8.78,8.48,8.56,8.41,0.15,1.7836,32001.78,27477.7
2020-03-26,601127.SH,8.49,8.59,8.38,8.44,8.56,-0.12,-1.4019,27777.49,23562.856
2020-03-27,601127.SH,8.56,8.59,8.35,8.36,8.44,-0.08,-0.9479,15033.0,12702.556
2020-03-30,601127.SH,8.22,8.28,8.0,8.16,8.36,-0.2,-2.3923,15148.29,12287.862
2020-03-31,601127.SH,8.25,8.32,8.03,8.03,8.16,-0.13,-1.5931,15157.0,12346.836
2020-04-01,601127.SH,8.15,8.28,8.04,8.07,8.03,0.04,0.4981,22122.0,17995.726
2020-04-02,601127.SH,8.0,8.23,8.0,8.22,8.07,0.15,1.8587,18371.82,14966.562
2020-04-03,601127.SH,8.83,9.04,8.83,9.04,8.22,0.82,9.9757,22732.46,20505.938
2020-04-07,601127.SH,9.04,9.71,8.9,9.32,9.04,0.28,3.0973,97471.53,91675.165
2020-04-08,601127.SH,9.06,9.13,8.86,8.93,9.32,-0.39,-4.1845,64732.97,57997.016
2020-04-09,601127.SH,8.92,9.34,8.87,9.12,8.93,0.19,2.1277,70405.63,64547.401
2020-04-10,601127.SH,9.23,9.38,8.83,8.84,9.12,-0.28,-3.0702,47318.25,42666.974
2020-04-13,601127.SH,8.59,8.73,8.29,8.41,8.84,-0.43,-4.8643,35787.04,30340.444
2020-04-14,601127.SH,8.52,8.63,8.42,8.6,8.41,0.19,2.2592,24821.8,21205.075
2020-04-15,601127.SH,8.6,8.64,8.43,8.43,8.6,-0.17,-1.9767,25804.69,21928.494
2020-04-16,601127.SH,8.48,8.48,8.33,8.34,8.43,-0.09,-1.0676,25275.54,21169.993
2020-04-17,601127.SH,8.39,8.5,8.23,8.24,8.34,-0.1,-1.199,23025.0,19272.404
2020-04-20,601127.SH,8.36,8.45,8.22,8.44,8.24,0.2,2.4272,19150.46,16020.776
2020-04-21,601127.SH,8.69,8.69,8.19,8.26,8.44,-0.18,-2.1327,34239.79,28725.082
2020-04-22,601127.SH,8.26,8.39,8.18,8.33,8.26,0.07,0.8475,22585.0,18694.705
2020-04-23,601127.SH,8.35,8.79,8.21,8.48,8.33,0.15,1.8007,49987.16,42456.908
2020-04-24,601127.SH,8.48,8.67,8.19,8.21,8.48,-0.27,-3.184,37083.22,31117.78
2020-04-27,601127.SH,8.2,8.28,8.09,8.09,8.21,-0.12,-1.4616,21762.65,17750.181
2020-04-28,601127.SH,8.12,8.14,7.62,7.76,8.09,-0.33,-4.0791,27596.35,21673.081
2020-04-29,601127.SH,7.83,7.88,7.67,7.73,7.76,-0.03,-0.3866,14923.87,11576.805
2020-04-30,601127.SH,7.8,8.16,7.8,8.15,7.73,0.42,5.4334,30388.79,24398.777
2020-05-06,601127.SH,8.05,8.39,8.03,8.38,8.15,0.23,2.8221,29573.55,24494.864
2020-05-07,601127.SH,8.39,8.43,8.27,8.33,8.38,-0.05,-0.5967,19596.08,16320.035
2020-05-08,601127.SH,8.33,8.41,8.28,8.36,8.33,0.03,0.3601,11800.86,9874.744
2020-05-11,601127.SH,8.44,8.67,8.22,8.31,8.36,-0.05,-0.5981,26618.8,22431.28
2020-05-12,601127.SH,8.28,8.31,8.05,8.12,8.31,-0.19,-2.2864,27160.75,22170.306
2020-05-13,601127.SH,8.1,8.14,8.01,8.07,8.12,-0.05,-0.6158,17025.1,13736.44
2020-05-14,601127.SH,8.07,8.31,8.01,8.18,8.07,0.11,1.3631,23489.01,19218.401
2020-05-15,601127.SH,8.24,8.25,8.1,8.1,8.18,-0.08,-0.978,12543.16,10231.901
2020-05-18,601127.SH,8.13,8.13,7.91,7.94,8.1,-0.16,-1.9753,20968.23,16818.508
2020-05-19,601127.SH,7.96,7.99,7.87,7.94,7.94,0.0,0.0,12678.52,10057.363
2020-05-20,601127.SH,7.92,7.98,7.8,7.87,7.94,-0.07,-0.8816,16309.0,12888.66
2020-05-21,601127.SH,7.88,7.93,7.8,7.84,7.87,-0.03,-0.3812,12339.0,9689.078
2020-05-22,601127.SH,7.88,7.88,7.69,7.75,7.84,-0.09,-1.148,11623.0,9015.429
2020-05-25,601127.SH,7.71,8.1,7.66,7.92,7.75,0.17,2.1935,18081.15,14275.15
2020-05-26,601127.SH,7.9,8.02,7.87,7.93,7.92,0.01,0.1263,15352.27,12179.006
2020-05-27,601127.SH,7.97,8.02,7.86,7.94,7.93,0.01,0.1261,12801.0,10168.398
2020-05-28,601127.SH,7.93,8.09,7.85,7.9,7.94,-0.04,-0.5038,20773.86,16542.399
2020-05-29,601127.SH,7.93,8.1,7.84,8.03,7.9,0.13,1.6456,26710.98,21342.228
2020-06-01,601127.SH,8.05,8.32,8.05,8.27,8.03,0.24,2.9888,31161.67,25631.318
2020-06-02,601127.SH,8.8,9.1,8.55,8.6,8.27,0.33,3.9903,69778.62,61011.551
2020-06-03,601127.SH,8.8,9.46,8.43,9.46,8.6,0.86,10.0,140502.81,126903.984
2020-06-04,601127.SH,10.35,10.41,9.99,10.41,9.46,0.95,10.0423,230870.56,239210.773
2020-06-05,601127.SH,10.41,11.45,10.41,11.45,10.41,1.04,9.9904,269377.6,297302.878
2020-06-08,601127.SH,11.39,11.39,10.31,10.31,11.45,-1.14,-9.9563,128420.55,135486.771
2020-06-09,601127.SH,9.59,9.78,9.28,9.28,10.31,-1.03,-9.9903,219565.77,205945.533
2020-06-10,601127.SH,8.91,9.16,8.73,8.96,9.28,-0.32,-3.4483,159410.77,142463.902
2020-06-11,601127.SH,8.9,9.36,8.83,9.19,8.96,0.23,2.567,167326.64,152556.727
2020-06-12,601127.SH,8.91,9.22,8.75,8.97,9.19,-0.22,-2.3939,136127.48,122181.745
2020-06-15,601127.SH,8.86,8.86,8.6,8.6,8.97,-0.37,-4.1249,113912.22,99236.295
2020-06-16,601127.SH,8.65,8.74,8.53,8.69,8.6,0.09,1.0465,78403.73,67553.047
2020-06-17,601127.SH,8.62,8.69,8.53,8.59,8.69,-0.1,-1.1507,60576.16,52012.081
2020-06-18,601127.SH,8.59,8.62,8.47,8.5,8.59,-0.09,-1.0477,49794.79,42484.109
2020-06-19,601127.SH,8.47,8.82,8.47,8.73,8.5,0.23,2.7059,101005.92,88015.491
2020-06-22,601127.SH,8.66,8.7,8.49,8.51,8.73,-0.22,-2.52,76345.0,65259.43
2020-06-23,601127.SH,8.5,8.51,8.23,8.27,8.51,-0.24,-2.8202,67804.03,56408.256
2020-06-24,601127.SH,8.32,8.44,8.23,8.33,8.27,0.06,0.7255,38368.47,31925.517
2020-06-29,601127.SH,8.37,8.44,8.2,8.3,8.33,-0.03,-0.3601,34017.35,28238.801
2020-06-30,601127.SH,8.35,8.38,8.27,8.31,8.3,0.01,0.1205,30531.39,25369.353
2020-07-01,601127.SH,8.33,8.36,8.21,8.24,8.31,-0.07,-0.8424,34299.32,28362.401
2020-07-02,601127.SH,8.26,8.39,8.26,8.35,8.24,0.11,1.335,42164.24,35149.124
2020-07-03,601127.SH,8.37,8.63,8.36,8.55,8.35,0.2,2.3952,79095.45,67444.085
2020-07-06,601127.SH,8.55,8.86,8.47,8.82,8.55,0.27,3.1579,102287.42,88847.369
2020-07-07,601127.SH,8.82,9.07,8.74,8.94,8.82,0.12,1.3605,115423.38,103279.47
2020-07-08,601127.SH,8.89,9.07,8.78,9.05,8.94,0.11,1.2304,95427.28,85466.787
2020-07-09,601127.SH,9.01,9.45,8.94,9.41,9.05,0.36,3.9779,112532.98,102566.945
2020-07-10,601127.SH,9.44,9.44,9.12,9.13,9.41,-0.28,-2.9756,90763.69,84160.542
2020-07-13,601127.SH,9.13,9.37,9.05,9.35,9.13,0.22,2.4096,81773.08,75732.98
2020-07-14,601127.SH,9.34,9.62,9.22,9.62,9.35,0.27,2.8877,110952.77,104623.239
2020-07-15,601127.SH,9.66,9.66,9.2,9.22,9.62,-0.4,-4.158,67317.05,62954.842
2020-07-16,601127.SH,9.28,9.3,8.84,8.85,9.22,-0.37,-4.013,56077.56,50982.087
2020-07-17,601127.SH,8.84,8.96,8.75,8.8,8.85,-0.05,-0.565,30418.79,26885.875
2020-07-20,601127.SH,8.9,9.01,8.79,9.01,8.8,0.21,2.3864,32337.33,28809.499
2020-07-21,601127.SH,9.03,9.17,8.96,9.02,9.01,0.01,0.111,36230.95,32722.373
2020-07-22,601127.SH,8.98,9.37,8.92,9.21,8.98,0.23,2.5612,55010.47,50475.173
2020-07-23,601127.SH,9.19,9.24,8.9,9.24,9.21,0.03,0.3257,36057.52,32746.405
2020-07-24,601127.SH,9.25,9.44,8.9,8.99,9.24,-0.25,-2.7056,73147.67,67513.884
2020-07-27,601127.SH,8.97,9.1,8.67,8.72,8.99,-0.27,-3.0033,43166.9,37910.055
2020-07-28,601127.SH,8.74,8.94,8.59,8.65,8.72,-0.07,-0.8028,38776.95,33880.549
2020-07-29,601127.SH,8.6,8.85,8.46,8.84,8.65,0.19,2.1965,36544.0,31700.108
2020-07-30,601127.SH,8.83,8.99,8.77,8.99,8.84,0.15,1.6968,37155.49,33035.776
2020-07-31,601127.SH,8.92,8.96,8.77,8.95,8.99,-0.04,-0.4449,36275.0,32230.428
2020-08-03,601127.SH,8.95,9.13,8.95,9.09,8.95,0.14,1.5642,43570.0,39419.513
2020-08-04,601127.SH,9.12,9.2,9.0,9.05,9.09,-0.04,-0.44,29951.47,27150.212
2020-08-05,601127.SH,9.09,9.09,8.9,8.92,9.05,-0.13,-1.4365,32846.27,29379.808
2020-08-06,601127.SH,8.94,8.97,8.79,8.87,8.92,-0.05,-0.5605,27061.0,24009.353
2020-08-07,601127.SH,8.86,9.09,8.8,9.09,8.87,0.22,2.4803,45289.0,40470.572
2020-08-10,601127.SH,9.12,9.27,9.05,9.15,9.09,0.06,0.6601,68710.0,63012.372
2020-08-11,601127.SH,9.18,9.89,9.07,9.47,9.15,0.32,3.4973,127654.92,120016.194
2020-08-12,601127.SH,9.31,9.4,8.97,9.17,9.47,-0.3,-3.1679,88282.76,80460.79
2020-08-13,601127.SH,9.18,9.28,9.07,9.08,9.17,-0.09,-0.9815,50125.0,45957.584
2020-08-14,601127.SH,9.06,9.25,8.94,9.2,9.08,0.12,1.3216,48967.0,44502.151
2020-08-17,601127.SH,9.22,9.26,9.11,9.2,9.2,0.0,0.0,42737.84,39251.085
2020-08-18,601127.SH,9.21,9.35,9.13,9.14,9.2,-0.06,-0.6522,49837.5,45931.734
2020-08-19,601127.SH,9.14,9.24,9.04,9.09,9.14,-0.05,-0.547,45429.55,41491.026
2020-08-20,601127.SH,9.09,9.15,8.91,8.91,9.09,-0.18,-1.9802,40289.48,36236.906
2020-08-21,601127.SH,8.93,9.03,8.91,8.98,8.91,0.07,0.7856,21511.0,19306.861
2020-08-24,601127.SH,8.96,9.0,8.89,8.94,8.98,-0.04,-0.4454,24666.62,22037.108
2020-08-25,601127.SH,8.98,9.0,8.8,8.83,8.94,-0.11,-1.2304,26661.1,23726.857
2020-08-26,601127.SH,8.85,8.88,8.64,8.71,8.83,-0.12,-1.359,25809.01,22652.926
2020-08-27,601127.SH,8.7,8.98,8.66,8.89,8.71,0.18,2.0666,27510.88,24386.019
2020-08-28,601127.SH,8.93,9.02,8.8,8.94,8.89,0.05,0.5624,30480.07,27105.165
2020-08-31,601127.SH,8.95,9.09,8.8,8.8,8.94,-0.14,-1.566,32819.86,29167.296
2020-09-01,601127.SH,8.82,8.93,8.75,8.85,8.8,0.05,0.5682,17987.12,15890.242
2020-09-02,601127.SH,8.88,8.98,8.79,8.93,8.85,0.08,0.904,26635.95,23720.994
2020-09-03,601127.SH,8.93,8.94,8.8,8.83,8.93,-0.1,-1.1198,20022.38,17714.574
2020-09-04,601127.SH,8.72,8.8,8.66,8.71,8.83,-0.12,-1.359,22300.02,19413.378
2020-09-07,601127.SH,8.73,8.87,8.56,8.58,8.71,-0.13,-1.4925,26189.99,22779.479
2020-09-08,601127.SH,8.59,8.75,8.55,8.7,8.58,0.12,1.3986,18077.7,15662.499
2020-09-09,601127.SH,8.65,8.8,8.59,8.62,8.7,-0.08,-0.9195,21645.32,18697.55
2020-09-10,601127.SH,8.63,8.72,8.22,8.29,8.62,-0.33,-3.8283,28447.77,24021.766
2020-09-11,601127.SH,8.33,8.41,8.29,8.35,8.29,0.06,0.7238,11967.0,10007.17
2020-09-14,601127.SH,8.44,8.63,8.37,8.56,8.35,0.21,2.515,19210.84,16335.926
2020-09-15,601127.SH,8.62,8.69,8.52,8.6,8.56,0.04,0.4673,16112.04,13885.418
2020-09-16,601127.SH,8.68,8.68,8.57,8.64,8.6,0.04,0.4651,10231.0,8832.621
2020-09-17,601127.SH,8.7,8.88,8.6,8.84,8.64,0.2,2.3148,32431.44,28419.358
2020-09-18,601127.SH,8.78,9.19,8.77,8.99,8.84,0.15,1.6968,59517.05,53636.63
2020-09-21,601127.SH,8.94,9.2,8.92,9.02,8.99,0.03,0.3337,37414.43,33783.143
2020-09-22,601127.SH,9.04,9.34,8.92,8.93,9.02,-0.09,-0.9978,47178.29,42968.332
2020-09-23,601127.SH,8.99,9.08,8.74,8.78,8.93,-0.15,-1.6797,31991.44,28259.543
2020-09-24,601127.SH,8.75,8.75,8.39,8.43,8.78,-0.35,-3.9863,33732.34,28771.041
2020-09-25,601127.SH,8.49,8.57,8.35,8.47,8.43,0.04,0.4745,14349.51,12100.288
2020-09-28,601127.SH,8.44,8.6,8.22,8.26,8.47,-0.21,-2.4793,19452.0,16226.828
2020-09-29,601127.SH,8.28,8.45,8.2,8.37,8.26,0.11,1.3317,14397.11,12030.998
2020-09-30,601127.SH,8.37,8.46,8.26,8.35,8.37,-0.02,-0.2389,11908.0,9944.782
2020-10-09,601127.SH,8.59,8.65,8.45,8.59,8.35,0.24,2.8743,18173.32,15578.759
2020-10-12,601127.SH,8.68,9.19,8.68,9.06,8.59,0.47,5.4715,66446.18,59820.718
2020-10-13,601127.SH,9.09,9.97,9.01,9.81,9.06,0.75,8.2781,226356.06,218357.98
2020-10-14,601127.SH,9.5,9.6,9.12,9.25,9.81,-0.56,-5.7085,142617.16,133653.902
2020-10-15,601127.SH,9.36,9.85,9.3,9.51,9.25,0.26,2.8108,120480.66,115905.864
2020-10-16,601127.SH,9.48,9.65,9.34,9.42,9.51,-0.09,-0.9464,60565.59,57401.876
2020-10-19,601127.SH,9.4,9.57,9.17,9.19,9.42,-0.23,-2.4416,49784.07,46302.755
2020-10-20,601127.SH,9.23,9.62,9.15,9.5,9.19,0.31,3.3732,66467.0,62527.467
2020-10-21,601127.SH,9.55,9.63,9.34,9.5,9.5,0.0,0.0,66428.0,63043.827
2020-10-22,601127.SH,9.43,9.49,9.2,9.43,9.5,-0.07,-0.7368,58758.67,54876.979
2020-10-23,601127.SH,9.42,9.71,9.26,9.3,9.43,-0.13,-1.3786,57781.6,54630.72
2020-10-26,601127.SH,9.3,9.37,9.05,9.13,9.3,-0.17,-1.828,51083.0,46875.344
2020-10-27,601127.SH,9.13,9.19,8.85,8.95,9.13,-0.18,-1.9715,39960.0,35863.591
2020-10-28,601127.SH,8.95,9.11,8.83,8.87,8.95,-0.08,-0.8939,42696.0,38238.291
2020-10-29,601127.SH,8.72,9.12,8.64,8.98,8.87,0.11,1.2401,50164.94,44694.781
2020-10-30,601127.SH,8.95,9.3,8.7,8.76,8.98,-0.22,-2.4499,69300.77,62337.897
2020-11-02,601127.SH,8.75,9.02,8.47,8.81,8.76,0.05,0.5708,71607.63,62856.09
2020-11-03,601127.SH,8.98,9.33,8.82,8.92,8.81,0.11,1.2486,67087.9,60386.773
2020-11-04,601127.SH,8.99,9.35,8.92,9.15,8.92,0.23,2.5785,86509.0,79075.274
2020-11-05,601127.SH,9.45,10.07,9.22,10.07,9.15,0.92,10.0546,172023.49,166534.933
2020-11-06,601127.SH,10.67,11.07,10.1,10.18,10.07,0.11,1.0924,298082.04,314146.038
2020-11-09,601127.SH,10.3,10.3,9.8,10.1,10.18,-0.08,-0.7859,165974.96,167185.526
2020-11-10,601127.SH,9.97,10.24,9.8,9.93,10.1,-0.17,-1.6832,106145.63,105721.392
2020-11-11,601127.SH,9.81,9.9,9.55,9.57,9.93,-0.36,-3.6254,81308.78,78975.415
2020-11-12,601127.SH,9.67,9.74,9.35,9.46,9.57,-0.11,-1.1494,82062.35,78068.506
2020-11-13,601127.SH,9.64,10.05,9.47,9.82,9.46,0.36,3.8055,112972.23,110110.593
2020-11-16,601127.SH,10.0,10.8,9.88,10.8,9.82,0.98,9.9796,175817.71,181951.132
2020-11-17,601127.SH,11.47,11.88,11.16,11.88,10.8,1.08,10.0,124481.78,146118.042
2020-11-18,601127.SH,12.6,13.07,12.56,13.07,11.88,1.19,10.0168,173436.31,221514.498
2020-11-19,601127.SH,14.38,14.38,13.2,13.41,13.07,0.34,2.6014,848109.08,1196511.264
2020-11-20,601127.SH,14.47,14.75,14.36,14.75,13.41,1.34,9.9925,363649.25,534085.071
2020-11-23,601127.SH,16.23,16.23,16.23,16.23,14.75,1.48,10.0339,46095.22,74812.542
2020-11-24,601127.SH,17.85,17.85,17.7,17.85,16.23,1.62,9.9815,229005.71,408721.681
2020-11-25,601127.SH,18.2,19.64,18.2,19.64,17.85,1.79,10.028,406129.71,773166.376
2020-11-26,601127.SH,20.0,20.31,17.8,19.8,19.64,0.16,0.8147,849559.85,1629308.169
2020-11-27,601127.SH,19.5,21.7,17.97,18.0,19.8,-1.8,-9.0909,847911.75,1652954.902
2020-11-30,601127.SH,18.3,19.8,18.2,19.0,18.0,1.0,5.5556,821386.51,1588600.592
2020-12-01,601127.SH,18.21,20.9,17.5,20.9,19.0,1.9,10.0,758585.4,1495151.443
2020-12-02,601127.SH,22.2,22.99,22.2,22.99,20.9,2.09,10.0,390767.2,889183.615
2020-12-03,601127.SH,23.72,24.38,20.69,20.69,22.99,-2.3,-10.0043,970527.08,2145901.25
2020-12-04,601127.SH,18.62,18.8,18.62,18.62,20.69,-2.07,-10.0048,185818.0,346016.403
2020-12-07,601127.SH,17.0,17.95,16.76,17.46,18.62,-1.16,-6.2299,774494.53,1337051.523
2020-12-08,601127.SH,17.47,17.97,16.84,17.49,17.46,0.03,0.1718,641299.96,1118698.965
2020-12-09,601127.SH,17.28,18.23,16.9,17.36,17.49,-0.13,-0.7433,551287.29,967515.587
2020-12-10,601127.SH,16.85,16.86,15.8,15.95,17.36,-1.41,-8.1221,549858.16,888804.249
2020-12-11,601127.SH,16.07,16.4,15.25,16.19,15.95,0.24,1.5047,462728.83,735165.396
2020-12-14,601127.SH,16.39,17.81,15.98,17.81,16.19,1.62,10.0062,728254.94,1252711.335
2020-12-15,601127.SH,18.02,19.59,17.91,19.59,17.81,1.78,9.9944,911410.5,1737542.751
2020-12-16,601127.SH,19.69,19.7,17.63,17.63,19.59,-1.96,-10.0051,260997.07,476584.998
2020-12-17,601127.SH,15.87,17.26,15.87,16.9,17.63,-0.73,-4.1407,828118.36,1363566.912
2020-12-18,601127.SH,16.06,17.97,15.96,17.0,16.9,0.1,0.5917,670157.42,1144423.581
2020-12-21,601127.SH,16.93,18.3,16.3,17.57,17.0,0.57,3.3529,692617.17,1189423.585
2020-12-22,601127.SH,17.05,17.19,16.18,16.18,17.57,-1.39,-7.9112,593660.17,990857.422
2020-12-23,601127.SH,15.8,16.95,15.65,16.34,16.18,0.16,0.9889,467321.25,770267.604
2020-12-24,601127.SH,15.91,16.18,15.19,15.44,16.34,-0.9,-5.508,426384.43,661912.565
2020-12-25,601127.SH,15.46,16.98,14.85,16.98,15.44,1.54,9.9741,597620.56,954498.89
2020-12-28,601127.SH,17.65,17.89,16.5,16.63,16.98,-0.35,-2.0612,596856.61,1015697.659
2020-12-29,601127.SH,16.53,16.78,15.01,15.17,16.63,-1.46,-8.7793,494679.31,777141.47
2020-12-30,601127.SH,15.24,16.1,15.04,15.53,15.17,0.36,2.3731,414251.55,648054.33
2020-12-31,601127.SH,15.61,17.08,15.61,17.08,15.53,1.55,9.9807,772769.6,1308035.031
2021-01-04,601127.SH,16.54,18.19,15.98,17.19,17.08,0.11,0.644,873241.56,1494612.863
2021-01-05,601127.SH,17.9,18.6,16.5,16.55,17.19,-0.64,-3.7231,763976.94,1325746.781
2021-01-06,601127.SH,15.83,16.8,15.56,15.68,16.55,-0.87,-5.2568,512627.96,815075.254
2021-01-07,601127.SH,15.57,16.48,15.06,15.95,15.68,0.27,1.7219,430655.91,681480.261
2021-01-08,601127.SH,16.51,16.59,15.5,15.64,15.95,-0.31,-1.9436,331876.47,528530.481
2021-01-11,601127.SH,15.55,16.12,15.18,15.28,15.64,-0.36,-2.3018,292718.26,455211.451
2021-01-12,601127.SH,15.28,15.28,14.1,14.78,15.28,-0.5,-3.2723,299303.73,438739.403
2021-01-13,601127.SH,14.7,15.27,14.17,14.4,14.78,-0.38,-2.571,285324.47,418229.085
2021-01-14,601127.SH,14.0,14.23,13.33,13.39,14.4,-1.01,-7.0139,288399.11,392598.245
2021-01-15,601127.SH,13.15,13.61,12.93,13.4,13.39,0.01,0.0747,216455.08,286975.371
2021-01-18,601127.SH,13.32,13.57,13.01,13.26,13.4,-0.14,-1.0448,200718.56,267708.95
2021-01-19,601127.SH,13.49,13.93,13.14,13.48,13.26,0.22,1.6591,247133.65,334347.22
2021-01-20,601127.SH,13.45,14.32,13.35,13.76,13.48,0.28,2.0772,253698.48,351736.683
2021-01-21,601127.SH,13.55,14.14,12.96,13.93,13.76,0.17,1.2355,298859.5,409604.185
2021-01-22,601127.SH,13.72,15.32,13.61,15.32,13.93,1.39,9.9785,519500.94,774026.563
2021-01-25,601127.SH,15.0,16.3,14.5,15.37,15.32,0.05,0.3264,607692.27,936803.402
2021-01-26,601127.SH,16.9,16.91,15.58,16.91,15.37,1.54,10.0195,674835.01,1112634.116
2021-01-27,601127.SH,18.39,18.6,18.01,18.6,16.91,1.69,9.9941,248270.79,456997.234
2021-01-28,601127.SH,18.6,20.46,18.06,20.46,18.6,1.86,10.0,901193.91,1774686.908
2021-01-29,601127.SH,19.7,20.18,18.41,18.41,20.46,-2.05,-10.0196,347012.47,663847.583
2021-02-01,601127.SH,16.57,17.47,16.57,16.57,18.41,-1.84,-9.9946,483166.03,806095.149
2021-02-02,601127.SH,16.27,16.38,15.23,15.3,16.57,-1.27,-7.6645,628372.82,984939.952
2021-02-03,601127.SH,15.25,15.75,14.66,15.02,15.3,-0.28,-1.8301,515332.11,786305.306
2021-02-04,601127.SH,14.7,14.86,13.85,14.12,15.02,-0.9,-5.992,434998.69,623321.64
2021-02-05,601127.SH,14.22,14.32,13.3,13.32,14.12,-0.8,-5.6657,299278.71,412690.992
2021-02-08,601127.SH,13.39,13.66,13.19,13.35,13.32,0.03,0.2252,298201.21,399241.425
2021-02-09,601127.SH,13.36,13.55,13.01,13.52,13.35,0.17,1.2734,259713.11,347489.219
2021-02-10,601127.SH,13.93,14.2,13.1,13.21,13.52,-0.31,-2.2929,335385.86,453501.736
2021-02-18,601127.SH,13.05,14.52,13.05,14.22,13.21,1.01,7.6457,445532.33,619687.228
2021-02-19,601127.SH,14.65,15.64,14.45,15.64,14.22,1.42,9.9859,322519.82,492495.013
2021-02-22,601127.SH,15.8,16.32,14.81,15.09,15.64,-0.55,-3.5166,578660.67,892607.302
2021-02-23,601127.SH,15.1,16.6,14.71,16.6,15.09,1.51,10.0066,390068.95,622903.939
2021-02-24,601127.SH,16.7,18.26,16.7,18.26,16.6,1.66,10.0,781172.99,1404064.366
2021-02-25,601127.SH,17.35,18.92,17.16,17.58,18.26,-0.68,-3.724,653047.17,1169478.746
2021-02-26,601127.SH,17.22,19.34,17.22,19.2,17.58,1.62,9.215,787175.49,1482569.278
2021-03-01,601127.SH,18.65,20.08,17.91,19.47,19.2,0.27,1.4063,760460.84,1439183.285
2021-03-02,601127.SH,19.11,19.58,18.12,18.49,19.47,-0.98,-5.0334,401074.48,752945.712
2021-03-03,601127.SH,18.2,20.34,18.15,20.34,18.49,1.85,10.0054,382072.98,753624.92
2021-03-04,601127.SH,21.18,22.37,20.9,22.37,20.34,2.03,9.9803,506694.89,1115626.485
2021-03-05,601127.SH,21.85,23.8,21.2,23.25,22.37,0.88,3.9338,592086.08,1330682.827
2021-03-08,601127.SH,22.82,23.5,21.46,21.57,23.25,-1.68,-7.2258,447365.33,994138.509
2021-03-09,601127.SH,22.02,22.39,19.41,19.41,21.57,-2.16,-10.0139,430929.91,855101.924
2021-03-10,601127.SH,19.1,19.28,17.75,17.85,19.41,-1.56,-8.0371,430577.61,788705.409
2021-03-11,601127.SH,18.02,19.64,17.18,19.2,17.85,1.35,7.563,609426.94,1146922.749
2021-03-12,601127.SH,19.85,21.12,19.8,20.52,19.2,1.32,6.875,690778.31,1441881.924
2021-03-15,601127.SH,19.33,20.16,18.5,19.85,20.52,-0.67,-3.2651,425644.89,828872.979
2021-03-16,601127.SH,20.0,21.84,19.58,21.84,19.85,1.99,10.0252,495280.07,1028496.293
2021-03-17,601127.SH,21.96,23.66,21.5,22.6,21.84,0.76,3.4799,513890.58,1163955.649
2021-03-18,601127.SH,22.7,23.5,21.54,21.97,22.6,-0.63,-2.7876,448757.0,1005678.185
2021-03-19,601127.SH,21.36,22.66,21.08,22.35,21.97,0.38,1.7296,375228.04,823081.374
2021-03-22,601127.SH,22.3,24.59,22.1,24.59,22.35,2.24,10.0224,369228.28,876724.035
2021-03-23,601127.SH,25.8,26.08,23.57,24.5,24.59,-0.09,-0.366,503471.55,1243917.247
2021-03-24,601127.SH,24.08,25.47,23.58,25.18,24.5,0.68,2.7755,430654.66,1054690.061
2021-03-25,601127.SH,24.43,26.12,22.66,22.82,25.18,-2.36,-9.3725,439109.85,1076588.078
2021-03-26,601127.SH,23.18,25.1,23.18,24.6,22.82,1.78,7.8002,566780.25,1372165.005
2021-03-29,601127.SH,24.07,24.3,22.37,22.8,24.6,-1.8,-7.3171,518039.33,1194286.373
2021-03-30,601127.SH,22.93,23.18,20.97,22.94,22.8,0.14,0.614,437733.91,968222.29
2021-03-31,601127.SH,22.94,24.26,22.94,23.25,22.94,0.31,1.3514,404903.53,960567.364
2021-04-01,601127.SH,22.5,24.3,22.5,23.64,23.25,0.39,1.6774,423629.12,998280.792
2021-04-02,601127.SH,23.55,24.13,22.41,22.45,23.64,-1.19,-5.0338,356129.72,823379.54
2021-04-06,601127.SH,22.66,24.6,22.3,23.88,22.45,1.43,6.3697,429175.14,1017335.09
2021-04-07,601127.SH,24.41,25.24,23.07,24.55,23.88,0.67,2.8057,435029.16,1044470.56
2021-04-08,601127.SH,24.15,27.01,23.8,27.01,24.55,2.46,10.0204,495736.38,1265503.768
2021-04-09,601127.SH,26.96,27.66,26.0,26.39,27.01,-0.62,-2.2954,395173.41,1060025.964
2021-04-12,601127.SH,26.39,28.65,26.23,28.05,26.39,1.66,6.2903,424385.9,1176530.85
2021-04-13,601127.SH,27.7,30.86,27.57,29.86,28.05,1.81,6.4528,481658.59,1437183.87
2021-04-14,601127.SH,29.86,30.63,28.99,30.15,29.86,0.29,0.9712,360887.4,1074439.329
2021-04-15,601127.SH,29.8,30.5,28.65,29.82,30.15,-0.33,-1.0945,320948.05,947624.262
2021-04-16,601127.SH,30.26,31.91,28.59,29.0,29.82,-0.82,-2.7498,539804.99,1607799.646
2021-04-19,601127.SH,31.9,31.9,31.0,31.9,29.0,2.9,10.0,276122.29,877856.616
2021-04-20,601127.SH,35.09,35.09,35.09,35.09,31.9,3.19,10.0,144069.77,505540.823
2021-04-21,601127.SH,36.0,36.0,31.58,31.58,35.09,-3.51,-10.0028,1003599.82,3302488.786
2021-04-22,601127.SH,30.6,34.74,30.35,34.74,31.58,3.16,10.0063,955018.53,3193556.849
2021-04-23,601127.SH,34.71,38.21,34.11,38.21,34.74,3.47,9.9885,549156.58,2048650.342
2021-04-26,601127.SH,41.27,42.03,40.0,42.03,38.21,3.82,9.9974,400663.15,1670975.773
2021-04-27,601127.SH,43.0,46.23,40.0,43.5,42.03,1.47,3.4975,1005337.61,4314565.156
2021-04-28,601127.SH,42.4,47.85,42.05,47.0,43.5,3.5,8.046,1039154.62,4826912.719
2021-04-29,601127.SH,46.5,47.3,42.5,44.05,47.0,-2.95,-6.2766,905641.64,4053158.595
2021-04-30,601127.SH,43.61,48.46,43.61,48.46,44.05,4.41,10.0114,787145.71,3669903.706
2021-05-06,601127.SH,50.0,53.31,49.8,53.31,48.46,4.85,10.0083,681210.63,3572427.467
2021-05-07,601127.SH,53.66,56.78,50.7,55.69,53.31,2.38,4.4645,754606.81,4074663.069
2021-05-10,601127.SH,55.3,61.26,55.17,61.26,55.69,5.57,10.0018,508974.69,3001645.543
2021-05-11,601127.SH,63.79,67.39,59.0,61.39,61.26,0.13,0.2122,950439.29,6048058.979
2021-05-12,601127.SH,61.0,64.88,59.53,63.4,61.39,2.01,3.2741,828506.97,5188421.94
2021-05-13,601127.SH,62.0,62.0,57.06,57.7,63.4,-5.7,-8.9905,747056.68,4385652.453
2021-05-14,601127.SH,60.0,60.66,56.52,58.32,57.7,0.62,1.0745,637179.73,3733365.032
2021-05-17,601127.SH,58.2,63.84,57.05,60.49,58.32,2.17,3.7209,773252.49,4697033.775
2021-05-18,601127.SH,59.81,66.54,59.59,66.54,60.49,6.05,10.0017,833628.22,5366452.378
2021-05-19,601127.SH,68.99,69.54,62.75,64.03,66.54,-2.51,-3.7722,947903.15,6257154.201
2021-05-20,601127.SH,60.13,61.3,57.63,57.63,64.03,-6.4,-9.9953,775921.48,4596110.583
2021-05-21,601127.SH,56.8,59.5,55.55,57.67,57.63,0.04,0.0694,565179.87,3256329.245
2021-05-24,601127.SH,57.15,57.2,52.37,54.2,57.67,-3.47,-6.017,732618.4,3968305.855
2021-05-25,601127.SH,54.2,55.15,52.9,54.27,54.2,0.07,0.1292,538220.89,2906204.652
2021-05-26,601127.SH,54.0,58.96,54.0,57.8,54.27,3.53,6.5045,741062.71,4169070.287
2021-05-27,601127.SH,58.0,58.45,54.91,57.32,57.8,-0.48,-0.8304,491205.52,2789186.125
2021-05-28,601127.SH,57.8,60.03,56.65,58.09,57.32,0.77,1.3433,513748.68,3006301.25
2021-05-31,601127.SH,55.0,60.35,53.55,60.01,58.09,1.92,3.3052,616712.44,3515149.641
2021-06-01,601127.SH,59.0,64.57,58.44,61.89,60.01,1.88,3.1328,630492.08,3927852.634
2021-06-02,601127.SH,61.15,62.97,59.65,60.44,61.89,-1.45,-2.3429,408431.18,2499776.83
2021-06-03,601127.SH,61.75,62.01,56.26,57.0,60.44,-3.44,-5.6916,458549.71,2692151.221
2021-06-04,601127.SH,55.9,57.2,54.8,56.0,57.0,-1.0,-1.7544,288251.45,1611513.997
2021-06-07,601127.SH,55.45,58.3,54.55,58.13,56.0,2.13,3.8036,337024.5,1905666.433
2021-06-08,601127.SH,57.6,60.05,55.75,58.67,58.13,0.54,0.929,338156.12,1967329.774
2021-06-09,601127.SH,57.0,61.35,56.0,61.11,58.67,2.44,4.1589,434621.75,2582870.492
2021-06-10,601127.SH,60.18,63.58,60.0,61.2,61.11,0.09,0.1473,420569.42,2605559.12
2021-06-11,601127.SH,60.0,67.32,58.01,67.32,61.2,6.12,10.0,594384.12,3776867.009
2021-06-15,601127.SH,69.0,70.69,65.0,67.4,67.32,0.08,0.1188,566045.28,3861069.686
2021-06-16,601127.SH,67.06,68.8,62.5,63.48,67.4,-3.92,-5.816,407459.0,2668411.786
2021-06-17,601127.SH,63.98,65.8,61.8,65.8,63.48,2.32,3.6547,351141.86,2243401.613
2021-06-18,601127.SH,66.8,72.38,66.0,72.38,65.8,6.58,10.0,381512.26,2669140.478
2021-06-21,601127.SH,74.9,79.62,72.0,77.2,72.38,4.82,6.6593,559710.55,4306955.173
2021-06-22,601127.SH,77.86,83.83,75.6,78.23,77.2,1.03,1.3342,547717.61,4384485.541
2021-06-23,601127.SH,78.89,81.5,76.46,77.77,78.23,-0.46,-0.588,424359.49,3341273.4
2021-06-24,601127.SH,78.55,81.0,75.63,79.22,77.77,1.45,1.8645,337593.26,2655233.212
2021-06-25,601127.SH,79.01,79.01,73.3,75.3,79.22,-3.92,-4.9482,384223.04,2906320.608
2021-06-28,601127.SH,74.36,76.35,73.68,74.99,75.3,-0.31,-0.4117,223977.02,1677214.057
2021-06-29,601127.SH,75.99,76.4,67.49,70.09,74.99,-4.9,-6.5342,461380.38,3233298.832
2021-06-30,601127.SH,69.15,70.0,65.05,66.67,70.09,-3.42,-4.8794,344375.38,2319676.119
2021-07-01,601127.SH,67.8,68.42,65.84,67.07,66.67,0.4,0.6,304832.17,2057867.185
2021-07-02,601127.SH,66.54,67.8,61.98,62.13,67.07,-4.94,-7.3654,325331.96,2081595.404
2021-07-05,601127.SH,62.02,63.7,60.36,62.91,62.13,0.78,1.2554,318103.31,1977005.876
2021-07-06,601127.SH,62.15,63.65,60.7,61.54,62.91,-1.37,-2.1777,243375.15,1508478.151
2021-07-07,601127.SH,61.01,66.8,60.3,66.3,61.54,4.76,7.7348,355382.02,2278643.11
2021-07-08,601127.SH,66.0,66.0,63.35,63.57,66.3,-2.73,-4.1176,243628.9,1562773.113
2021-07-09,601127.SH,62.9,67.97,61.9,66.95,63.57,3.38,5.317,308162.89,2034664.381
2021-07-12,601127.SH,69.99,73.65,69.99,73.65,66.95,6.7,10.0075,391544.74,2849903.369
2021-07-13,601127.SH,73.65,77.03,70.05,74.86,73.65,1.21,1.6429,386233.26,2866610.228
2021-07-14,601127.SH,74.84,74.85,67.58,67.87,74.86,-6.99,-9.3374,364176.42,2562282.166
2021-07-15,601127.SH,67.0,69.0,65.3,67.45,67.87,-0.42,-0.6188,233620.44,1562080.099
2021-07-16,601127.SH,67.0,67.99,65.0,65.23,67.45,-2.22,-3.2913,206314.99,1369398.646
2021-07-19,601127.SH,63.89,65.52,62.88,63.21,65.23,-2.02,-3.0967,180552.36,1152285.352
2021-07-20,601127.SH,62.56,66.89,62.36,66.62,63.21,3.41,5.3947,231540.16,1520068.463
2021-07-21,601127.SH,66.09,68.77,66.06,66.41,66.62,-0.21,-0.3152,246705.0,1658523.17
2021-07-22,601127.SH,66.53,66.99,61.76,63.71,66.41,-2.7,-4.0657,330202.59,2095394.367
2021-07-23,601127.SH,63.15,65.95,62.13,62.99,63.71,-0.72,-1.1301,260890.57,1662636.097
2021-07-26,601127.SH,61.99,63.14,57.27,58.05,62.99,-4.94,-7.8425,328972.7,1960631.038
2021-07-27,601127.SH,58.0,59.88,56.6,56.7,58.05,-1.35,-2.3256,219458.18,1274107.729
2021-07-28,601127.SH,56.0,57.59,52.71,55.8,56.7,-0.9,-1.5873,188647.97,1042308.651
2021-07-29,601127.SH,57.5,57.88,55.84,57.38,55.8,1.58,2.8315,185146.98,1055017.995
2021-07-30,601127.SH,57.0,59.5,55.8,58.11,57.38,0.73,1.2722,209604.59,1213224.692
2021-08-02,601127.SH,59.43,62.89,59.43,61.06,58.11,2.95,5.0766,257211.17,1569180.947
2021-08-03,601127.SH,61.08,61.08,56.55,57.25,61.06,-3.81,-6.2398,209454.56,1220979.564
2021-08-04,601127.SH,56.65,62.5,56.65,60.92,57.25,3.67,6.4105,302929.19,1838372.714
2021-08-05,601127.SH,59.99,62.28,59.3,61.0,60.92,0.08,0.1313,172012.94,1045405.251
2021-08-06,601127.SH,62.26,62.38,57.65,59.19,61.0,-1.81,-2.9672,223777.28,1332068.777
2021-08-09,601127.SH,58.19,62.84,56.88,61.79,59.19,2.6,4.3926,286206.79,1726217.901
2021-08-10,601127.SH,62.76,63.08,60.67,62.01,61.79,0.22,0.356,177638.3,1095105.823
2021-08-11,601127.SH,62.0,62.3,60.0,60.5,62.01,-1.51,-2.4351,120846.21,735922.092
2021-08-12,601127.SH,60.15,63.63,59.0,61.33,60.5,0.83,1.3719,242668.36,1491771.942
2021-08-13,601127.SH,60.46,60.9,58.61,59.01,61.33,-2.32,-3.7828,190640.38,1134543.269
2021-08-16,601127.SH,58.17,58.85,55.67,55.69,59.01,-3.32,-5.6262,236663.8,1344173.278
2021-08-17,601127.SH,55.15,56.4,52.41,52.59,55.69,-3.1,-5.5665,240729.18,1303376.123
2021-08-18,601127.SH,52.47,53.48,51.66,53.2,52.59,0.61,1.1599,154886.44,817400.843
2021-08-19,601127.SH,53.25,56.5,53.25,55.89,53.2,2.69,5.0564,215948.17,1199104.71
2021-08-20,601127.SH,55.88,56.95,54.5,56.56,55.89,0.67,1.1988,152245.94,847265.723
2021-08-23,601127.SH,57.5,62.22,57.34,62.22,56.56,5.66,10.0071,306519.11,1872148.54
2021-08-24,601127.SH,64.68,66.66,63.66,65.35,62.22,3.13,5.0305,441380.96,2877931.855
2021-08-25,601127.SH,66.05,69.58,64.0,66.9,65.35,1.55,2.3718,339122.55,2278102.38
2021-08-26,601127.SH,67.12,69.01,65.92,66.25,66.9,-0.65,-0.9716,200319.99,1344881.011
2021-08-27,601127.SH,66.3,72.88,66.3,72.88,66.25,6.63,10.0075,262377.99,1856865.342
2021-08-30,601127.SH,71.6,74.67,70.6,71.75,72.88,-1.13,-1.5505,375425.46,2718681.721
2021-08-31,601127.SH,70.94,76.64,70.94,74.6,71.75,2.85,3.9721,287622.83,2140674.478
2021-09-01,601127.SH,73.58,76.5,71.98,74.31,74.6,-0.29,-0.3887,243366.67,1810146.859
2021-09-02,601127.SH,73.33,78.8,73.25,75.98,74.31,1.67,2.2473,198121.78,1506520.829
2021-09-03,601127.SH,75.16,77.5,72.5,77.43,75.98,1.45,1.9084,260728.68,1967512.097
2021-09-06,601127.SH,76.66,76.89,71.62,74.12,77.43,-3.31,-4.2748,220818.35,1636367.132
2021-09-07,601127.SH,74.5,81.27,74.11,79.3,74.12,5.18,6.9887,271535.64,2132102.457
2021-09-08,601127.SH,79.74,81.83,77.0,79.31,79.3,0.01,0.0126,194830.95,1548956.988
2021-09-09,601127.SH,79.29,80.31,76.66,77.5,79.31,-1.81,-2.2822,159994.62,1247294.78
2021-09-10,601127.SH,77.72,78.0,74.01,74.97,77.5,-2.53,-3.2645,198778.49,1501736.934
2021-09-13,601127.SH,76.23,76.9,72.8,75.71,74.97,0.74,0.9871,183517.75,1373274.262
2021-09-14,601127.SH,75.72,81.88,74.9,79.56,75.71,3.85,5.0852,190803.55,1513937.568
2021-09-15,601127.SH,80.5,81.0,77.35,79.98,79.56,0.42,0.5279,146346.86,1157124.954
2021-09-16,601127.SH,78.88,80.5,76.11,79.11,79.98,-0.87,-1.0878,149830.7,1180306.87
2021-09-17,601127.SH,79.08,81.99,75.11,75.7,79.11,-3.41,-4.3105,172106.8,1338706.019
2021-09-22,601127.SH,73.47,75.28,72.3,72.4,75.7,-3.3,-4.3593,159374.38,1175787.554
2021-09-23,601127.SH,73.84,74.0,70.0,70.3,72.4,-2.1,-2.9006,152973.68,1093568.788
2021-09-24,601127.SH,70.49,71.6,68.71,69.4,70.3,-0.9,-1.2802,122756.26,857410.073
2021-09-27,601127.SH,68.0,70.0,62.46,62.46,69.4,-6.94,-10.0,288730.8,1878955.098
2021-09-28,601127.SH,62.4,62.45,59.48,60.0,62.46,-2.46,-3.9385,233358.36,1414584.479
2021-09-29,601127.SH,60.65,60.77,56.8,58.23,60.0,-1.77,-2.95,171727.41,1000037.219
2021-09-30,601127.SH,59.2,60.76,57.5,59.38,58.23,1.15,1.9749,151727.62,905578.201
2021-10-08,601127.SH,60.96,60.96,58.47,59.44,59.38,0.06,0.101,126623.36,752195.667
2021-10-11,601127.SH,58.6,63.5,57.5,60.51,59.44,1.07,1.8001,195139.0,1185817.435
2021-10-12,601127.SH,59.94,62.4,58.16,59.19,60.51,-1.32,-2.1815,166682.21,1002806.567
2021-10-13,601127.SH,58.89,62.79,58.71,61.49,59.19,2.3,3.8858,185854.58,1140298.375
2021-10-14,601127.SH,61.08,62.5,59.65,60.15,61.49,-1.34,-2.1792,123796.99,749558.615
2021-10-15,601127.SH,60.16,62.3,59.2,61.1,60.15,0.95,1.5794,165169.13,1012852.073
2021-10-18,601127.SH,62.22,67.21,61.1,67.21,61.1,6.11,10.0,170923.65,1104409.697
2021-10-19,601127.SH,69.2,71.88,66.67,67.73,67.21,0.52,0.7737,278001.74,1915453.543
2021-10-20,601127.SH,67.73,74.0,66.4,71.45,67.73,3.72,5.4924,243510.9,1732891.232
2021-10-21,601127.SH,72.85,72.85,69.39,69.8,71.45,-1.65,-2.3093,167233.39,1173865.067
2021-10-22,601127.SH,69.8,70.97,68.6,69.01,69.8,-0.79,-1.1318,131916.58,918300.387
2021-10-25,601127.SH,70.0,71.99,68.5,71.29,69.01,2.28,3.3039,147180.75,1035928.33
2021-10-26,601127.SH,73.62,74.98,69.6,69.6,71.29,-1.69,-2.3706,176226.78,1248854.4
2021-10-27,601127.SH,69.89,70.8,68.31,68.74,69.6,-0.86,-1.2356,105360.74,729332.988
2021-10-28,601127.SH,68.05,68.7,65.35,65.69,68.74,-3.05,-4.437,128459.05,854822.18
2021-10-29,601127.SH,65.88,67.68,65.65,67.67,65.69,1.98,3.0142,108969.93,727433.136
2021-11-01,601127.SH,66.7,69.49,64.78,68.32,67.67,0.65,0.9605,138786.16,930770.408
2021-11-02,601127.SH,67.9,70.5,66.99,68.34,68.32,0.02,0.0293,114337.24,786905.772
2021-11-03,601127.SH,67.52,68.3,65.64,66.5,68.34,-1.84,-2.6924,116088.6,771539.97
2021-11-04,601127.SH,67.79,69.85,67.03,68.35,66.5,1.85,2.782,126139.54,865525.438
2021-11-05,601127.SH,67.62,70.16,66.5,67.4,68.35,-0.95,-1.3899,96449.11,657183.562
2021-11-08,601127.SH,67.41,72.38,67.41,71.03,67.4,3.63,5.3858,174750.84,1236397.585
2021-11-09,601127.SH,70.82,71.69,69.26,70.88,71.03,-0.15,-0.2112,119513.07,841784.954
2021-11-10,601127.SH,69.9,69.9,64.96,65.38,70.88,-5.5,-7.7596,216600.15,1442777.05
2021-11-11,601127.SH,65.3,65.3,61.11,61.82,65.38,-3.56,-5.4451,224245.46,1397627.067
2021-11-12,601127.SH,61.85,62.45,60.0,62.39,61.82,0.57,0.922,135150.98,833512.218
2021-11-15,601127.SH,62.99,63.64,61.02,61.3,62.39,-1.09,-1.7471,127926.91,792239.723
2021-11-16,601127.SH,61.5,61.6,59.67,59.95,61.3,-1.35,-2.2023,125443.44,756406.888
2021-11-17,601127.SH,60.41,61.74,59.18,61.56,59.95,1.61,2.6856,114072.45,696098.245
2021-11-18,601127.SH,61.58,62.79,60.83,62.29,61.56,0.73,1.1858,99734.83,618221.647
2021-11-19,601127.SH,62.5,63.53,60.73,62.1,62.29,-0.19,-0.305,114404.33,708950.133
2021-11-22,601127.SH,62.99,67.99,62.52,65.54,62.1,3.44,5.5395,211649.16,1396099.115
2021-11-23,601127.SH,64.88,66.29,63.79,66.29,65.54,0.75,1.1443,147476.44,961379.087
2021-11-24,601127.SH,66.29,67.67,65.53,67.2,66.29,0.91,1.3728,152875.86,1020953.247
2021-11-25,601127.SH,67.1,67.7,64.5,65.3,67.2,-1.9,-2.8274,128326.71,842075.794
2021-11-26,601127.SH,65.5,66.53,64.52,66.39,65.3,1.09,1.6692,94398.28,619456.944
2021-11-29,601127.SH,65.0,67.67,64.6,66.69,66.39,0.3,0.4519,117655.92,782201.399
2021-11-30,601127.SH,68.0,72.58,67.5,69.64,66.69,2.95,4.4235,235466.67,1654263.288
2021-12-01,601127.SH,69.64,69.64,65.75,67.36,69.64,-2.28,-3.274,163609.89,1101741.771
2021-12-02,601127.SH,68.67,72.27,63.93,70.23,67.36,2.87,4.2607,303372.39,2068903.239
2021-12-03,601127.SH,69.0,75.88,68.68,72.69,70.23,2.46,3.5028,309686.74,2265930.399
2021-12-06,601127.SH,73.64,76.0,72.99,73.53,72.69,0.84,1.1556,246186.11,1838946.799
2021-12-07,601127.SH,74.13,75.39,69.16,71.51,73.53,-2.02,-2.7472,191671.98,1373943.994
2021-12-08,601127.SH,71.96,72.65,69.8,71.69,71.51,0.18,0.2517,128398.3,911608.316
2021-12-09,601127.SH,71.42,73.6,70.7,71.5,71.69,-0.19,-0.265,109320.31,784275.07
2021-12-10,601127.SH,70.84,71.48,67.7,69.08,71.5,-2.42,-3.3846,214290.68,1475782.781
2021-12-13,601127.SH,68.18,75.99,67.9,75.99,69.08,6.91,10.0029,308548.27,2260131.16
2021-12-14,601127.SH,75.99,77.15,73.3,73.8,75.99,-2.19,-2.882,231599.67,1732270.314
2021-12-15,601127.SH,74.5,77.51,74.01,75.38,73.8,1.58,2.1409,160374.21,1217432.657
2021-12-16,601127.SH,75.0,77.06,73.71,74.54,75.38,-0.84,-1.1144,106440.9,797728.622
2021-12-17,601127.SH,74.6,74.99,72.0,72.14,74.54,-2.4,-3.2197,95887.99,702622.773
2021-12-20,601127.SH,71.5,73.77,70.65,72.9,72.14,0.76,1.0535,116063.98,839349.301
2021-12-21,601127.SH,72.95,77.77,72.4,75.3,72.9,2.4,3.2922,149872.12,1131608.019
2021-12-22,601127.SH,76.51,77.5,73.19,76.17,75.3,0.87,1.1554,128658.61,966326.921
2021-12-23,601127.SH,76.18,76.28,69.3,70.21,76.17,-5.96,-7.8246,257900.48,1845177.997
2021-12-24,601127.SH,70.68,71.96,63.19,63.19,70.21,-7.02,-9.9986,313131.34,2032661.116
2021-12-27,601127.SH,60.0,61.43,57.0,57.45,63.19,-5.74,-9.0837,345919.89,2026159.527
2021-12-28,601127.SH,58.31,58.98,55.52,57.85,57.45,0.4,0.6963,260258.42,1489279.649
2021-12-29,601127.SH,57.75,57.75,56.01,56.68,57.85,-1.17,-2.0225,144240.8,819000.237
2021-12-30,601127.SH,56.99,57.0,54.38,55.66,56.68,-1.02,-1.7996,215400.48,1194203.717
2021-12-31,601127.SH,55.5,59.55,55.09,59.55,55.66,3.89,6.9889,241856.05,1389736.035
2022-01-04,601127.SH,59.58,60.5,57.25,57.57,59.55,-1.98,-3.3249,162104.37,942534.93
2022-01-05,601127.SH,57.91,59.3,55.7,57.4,57.57,-0.17,-0.2953,141113.78,813851.059
2022-01-06,601127.SH,56.54,56.54,53.0,55.1,57.4,-2.3,-4.007,167261.32,914931.221
2022-01-07,601127.SH,54.36,54.98,52.5,52.56,55.1,-2.54,-4.6098,137048.11,732561.826
2022-01-10,601127.SH,52.0,53.48,50.8,52.63,52.56,0.07,0.1332,95485.35,500001.124
2022-01-11,601127.SH,52.62,52.81,48.3,48.83,52.63,-3.8,-7.2202,253222.22,1262251.712
2022-01-12,601127.SH,49.5,49.99,48.33,49.16,48.83,0.33,0.6758,149176.42,731972.518
2022-01-13,601127.SH,49.07,49.38,46.62,46.62,49.16,-2.54,-5.1668,173764.34,829276.761
2022-01-14,601127.SH,46.02,47.13,45.08,45.09,46.62,-1.53,-3.2819,195300.88,895195.005
2022-01-17,601127.SH,45.09,47.49,43.64,47.21,45.09,2.12,4.7017,227247.12,1047079.245
2022-01-18,601127.SH,45.75,51.93,44.82,51.93,47.21,4.72,9.9979,330668.82,1643943.546
2022-01-19,601127.SH,52.9,56.99,51.65,54.0,51.93,2.07,3.9861,353281.96,1912070.438
2022-01-20,601127.SH,54.33,54.33,50.59,51.72,54.0,-2.28,-4.2222,208636.01,1089781.708
2022-01-21,601127.SH,51.86,52.03,49.41,49.94,51.72,-1.78,-3.4416,124499.45,627331.625
2022-01-24,601127.SH,49.7,51.74,48.8,51.27,49.94,1.33,2.6632,132259.31,664235.359
2022-01-25,601127.SH,50.84,51.6,48.8,48.97,51.27,-2.3,-4.4861,98330.54,491355.875
2022-01-26,601127.SH,48.97,49.68,47.55,48.58,48.97,-0.39,-0.7964,77749.18,377447.114
2022-01-27,601127.SH,48.88,49.29,46.16,46.25,48.58,-2.33,-4.7962,97875.72,461574.869
2022-01-28,601127.SH,46.0,47.55,43.68,45.81,46.25,-0.44,-0.9514,170083.57,775432.894
2022-02-07,601127.SH,47.0,48.89,45.43,46.06,45.81,0.25,0.5457,118102.75,553637.677
2022-02-08,601127.SH,45.0,46.7,44.11,45.07,46.06,-0.99,-2.1494,105769.22,476779.005
2022-02-09,601127.SH,45.06,47.29,44.5,45.52,45.07,0.45,0.9984,102453.71,470258.753
2022-02-10,601127.SH,45.9,45.97,43.66,43.99,45.52,-1.53,-3.3612,128556.35,568292.791
2022-02-11,601127.SH,43.45,44.24,42.0,42.15,43.99,-1.84,-4.1828,111335.91,478720.813
2022-02-14,601127.SH,41.87,42.39,40.61,41.15,42.15,-1.0,-2.3725,149965.8,619888.024
2022-02-15,601127.SH,41.31,43.78,40.75,43.3,41.15,2.15,5.2248,185509.89,786879.803
2022-02-16,601127.SH,43.33,45.23,42.8,44.23,43.3,0.93,2.1478,142129.87,627080.47
2022-02-17,601127.SH,44.2,45.95,43.2,44.47,44.23,0.24,0.5426,118795.82,528904.708
2022-02-18,601127.SH,43.59,47.18,43.52,45.9,44.47,1.43,3.2157,165847.21,755120.302
2022-02-21,601127.SH,45.82,46.3,44.44,45.49,45.9,-0.41,-0.8932,117478.31,532395.83
2022-02-22,601127.SH,44.9,46.36,44.31,45.26,45.49,-0.23,-0.5056,110961.48,505403.398
2022-02-23,601127.SH,45.0,47.45,44.97,46.89,45.26,1.63,3.6014,135209.71,632084.717
2022-02-24,601127.SH,46.4,46.8,43.36,44.08,46.89,-2.81,-5.9927,169155.87,758493.56
2022-02-25,601127.SH,44.73,47.2,44.73,45.55,44.08,1.47,3.3348,178902.32,823608.925
2022-02-28,601127.SH,45.0,45.98,44.16,45.21,45.55,-0.34,-0.7464,99006.03,442921.15
2022-03-01,601127.SH,45.8,46.1,43.7,44.99,45.21,-0.22,-0.4866,110199.53,492563.615
2022-03-02,601127.SH,44.1,44.51,43.5,44.13,44.99,-0.86,-1.9115,82616.17,362471.543
2022-03-03,601127.SH,44.2,44.41,42.5,42.7,44.13,-1.43,-3.2404,98196.8,422930.384
2022-03-04,601127.SH,42.9,43.81,42.0,43.22,42.7,0.52,1.2178,91558.46,394583.793
2022-03-07,601127.SH,42.5,42.93,40.9,41.53,43.22,-1.69,-3.9102,106365.35,442869.916
2022-03-08,601127.SH,40.88,41.61,38.31,38.49,41.53,-3.04,-7.32,145343.23,573047.036
2022-03-09,601127.SH,38.5,41.5,37.62,41.35,38.49,2.86,7.4305,238065.63,959867.027
2022-03-10,601127.SH,42.08,42.34,40.71,40.8,41.35,-0.55,-1.3301,128280.15,530630.88
2022-03-11,601127.SH,39.83,42.26,38.5,41.56,40.8,0.76,1.8627,126505.23,516582.887
2022-03-14,601127.SH,41.2,42.2,40.43,40.7,41.56,-0.86,-2.0693,85530.41,352891.951
2022-03-15,601127.SH,40.3,40.87,39.0,39.46,40.7,-1.24,-3.0467,137370.09,545291.906
2022-03-16,601127.SH,40.0,43.41,39.6,43.41,39.46,3.95,10.0101,287954.77,1194331.527
2022-03-17,601127.SH,43.65,44.88,42.49,43.65,43.41,0.24,0.5529,228078.86,1000649.522
2022-03-18,601127.SH,43.04,45.36,42.99,44.61,43.65,0.96,2.1993,163317.45,726714.791
2022-03-21,601127.SH,45.0,45.8,44.0,44.55,44.61,-0.06,-0.1345,132654.68,595646.258
2022-03-22,601127.SH,44.18,45.13,43.71,44.83,44.55,0.28,0.6285,103163.84,459091.944
2022-03-23,601127.SH,45.15,45.15,42.95,43.26,44.83,-1.57,-3.5021,153713.83,671442.722
2022-03-24,601127.SH,42.77,42.81,39.99,40.9,43.26,-2.36,-5.4554,189193.27,779205.187
2022-03-25,601127.SH,40.73,40.78,39.5,39.66,40.9,-1.24,-3.0318,166044.57,665730.755
2022-03-28,601127.SH,40.22,43.63,39.39,43.24,39.66,3.58,9.0267,288785.33,1220009.667
2022-03-29,601127.SH,42.95,43.59,41.5,41.81,43.24,-1.43,-3.3071,154867.3,657250.317
2022-03-30,601127.SH,42.0,43.5,41.35,43.17,41.81,1.36,3.2528,136190.76,583193.834
2022-03-31,601127.SH,42.98,45.2,42.41,43.05,43.17,-0.12,-0.278,135903.14,591858.629
2022-04-01,601127.SH,43.34,46.45,43.0,45.21,43.05,2.16,5.0174,229899.63,1037774.718
2022-04-06,601127.SH,45.69,45.78,44.12,44.71,45.21,-0.5,-1.106,133298.79,594897.668
2022-04-07,601127.SH,44.1,45.52,41.97,41.97,44.71,-2.74,-6.1284,156655.29,678994.813
2022-04-08,601127.SH,41.97,42.76,41.16,42.05,41.97,0.08,0.1906,85498.17,359352.84
2022-04-11,601127.SH,41.5,41.99,39.69,40.03,42.05,-2.02,-4.8038,140439.35,563464.668
2022-04-12,601127.SH,40.0,43.09,39.6,42.89,40.03,2.86,7.1446,164929.99,695494.474
2022-04-13,601127.SH,42.33,42.89,41.27,41.35,42.89,-1.54,-3.5906,91620.91,383866.817
2022-04-14,601127.SH,42.3,42.8,41.35,41.4,41.35,0.05,0.1209,98726.5,412742.992
2022-04-15,601127.SH,40.7,40.9,39.7,40.13,41.4,-1.27,-3.0676,112821.11,452868.317
2022-04-18,601127.SH,40.91,44.14,40.51,44.14,40.13,4.01,9.9925,273835.44,1180720.729
2022-04-19,601127.SH,44.8,45.45,42.42,43.26,44.14,-0.88,-1.9937,207430.23,907417.394
2022-04-20,601127.SH,43.26,44.3,42.52,43.19,43.26,-0.07,-0.1618,127933.99,555403.028
2022-04-21,601127.SH,42.57,43.23,40.81,40.98,43.19,-2.21,-5.1169,148456.53,616913.045
2022-04-22,601127.SH,40.8,42.32,40.1,41.39,40.98,0.41,1.0005,106041.59,437605.777
2022-04-25,601127.SH,41.0,43.0,40.08,40.37,41.39,-1.02,-2.4644,157596.53,652324.773
2022-04-26,601127.SH,40.72,41.3,36.33,36.33,40.37,-4.04,-10.0074,266979.03,1026562.783
2022-04-27,601127.SH,33.1,37.42,32.7,36.68,36.33,0.35,0.9634,337112.61,1161942.801
2022-04-28,601127.SH,36.0,37.3,34.98,36.1,36.68,-0.58,-1.5812,173826.87,626082.704
2022-04-29,601127.SH,36.53,39.41,36.36,38.87,36.1,2.77,7.6731,188186.1,711653.548
2022-05-05,601127.SH,39.3,40.88,38.73,39.62,38.87,0.75,1.9295,152866.0,608684.379
2022-05-06,601127.SH,38.2,39.4,37.8,37.94,39.62,-1.68,-4.2403,120937.82,464263.601
2022-05-09,601127.SH,37.35,38.19,36.36,36.44,37.94,-1.5,-3.9536,105841.09,391777.675
2022-05-10,601127.SH,35.64,37.36,34.85,37.31,36.44,0.87,2.3875,91056.83,332488.949
2022-05-11,601127.SH,37.31,41.04,37.08,40.01,37.31,2.7,7.2367,301752.74,1213635.819
2022-05-12,601127.SH,39.24,40.0,38.8,39.31,40.01,-0.7,-1.7496,170890.79,671501.487
2022-05-13,601127.SH,39.61,43.24,39.57,43.24,39.31,3.93,9.9975,289665.71,1228740.818
2022-05-16,601127.SH,44.65,47.3,44.06,45.58,43.24,2.34,5.4117,394582.38,1794569.843
2022-05-17,601127.SH,44.99,49.97,44.85,48.16,45.58,2.58,5.6604,366829.4,1770407.646
2022-05-18,601127.SH,48.0,49.8,47.03,47.39,48.16,-0.77,-1.5988,315698.57,1522357.692
2022-05-19,601127.SH,46.49,47.66,46.13,47.13,47.39,-0.26,-0.5486,199512.41,936018.914
2022-05-20,601127.SH,47.32,48.57,46.69,47.38,47.13,0.25,0.5304,159634.64,758484.002
2022-05-23,601127.SH,46.8,48.58,46.28,47.92,47.38,0.54,1.1397,205242.32,975503.879
2022-05-24,601127.SH,48.39,49.07,44.78,45.06,47.92,-2.86,-5.9683,257220.96,1204442.13
2022-05-25,601127.SH,45.22,46.28,43.67,46.17,45.06,1.11,2.4634,184793.51,833909.361
2022-05-26,601127.SH,46.15,47.48,45.21,46.98,46.17,0.81,1.7544,141085.81,653966.355
2022-05-27,601127.SH,47.0,48.5,45.97,47.23,46.98,0.25,0.5321,194041.78,918959.262
2022-05-30,601127.SH,48.43,51.95,47.21,51.95,47.23,4.72,9.9936,461799.29,2322393.377
2022-05-31,601127.SH,52.0,55.37,51.55,52.54,51.95,0.59,1.1357,389989.72,2081778.122
2022-06-01,601127.SH,52.99,57.79,51.91,57.79,52.54,5.25,9.9924,352839.15,1967483.552
2022-06-02,601127.SH,58.02,63.57,58.0,63.57,57.79,5.78,10.0017,293202.02,1783083.756
2022-06-06,601127.SH,67.99,69.93,66.0,69.25,63.57,5.68,8.935,590640.88,4058883.359
2022-06-07,601127.SH,68.21,69.95,64.88,66.6,69.25,-2.65,-3.8267,511726.59,3437721.836
2022-06-08,601127.SH,66.71,67.8,64.01,66.68,66.6,0.08,0.1201,463204.63,3058941.057
2022-06-09,601127.SH,66.08,68.18,64.0,65.02,66.68,-1.66,-2.4895,335904.87,2218833.739
2022-06-10,601127.SH,64.67,71.52,64.52,71.52,65.02,6.5,9.9969,416397.51,2875345.079
2022-06-13,601127.SH,71.99,73.49,67.59,69.0,71.52,-2.52,-3.5235,505636.21,3559571.035
2022-06-14,601127.SH,67.0,69.0,63.58,67.03,69.0,-1.97,-2.8551,575265.69,3793061.015
2022-06-15,601127.SH,67.0,70.43,66.2,66.74,67.03,-0.29,-0.4326,477879.07,3272041.158
2022-06-16,601127.SH,67.2,73.25,67.2,70.38,66.74,3.64,5.454,449395.91,3170385.078
2022-06-17,601127.SH,69.11,75.9,68.45,74.4,70.38,4.02,5.7118,438541.52,3187306.757
2022-06-20,601127.SH,76.1,77.66,70.6,72.01,74.4,-2.39,-3.2124,430590.43,3158293.223
2022-06-21,601127.SH,71.88,72.27,69.4,70.86,72.01,-1.15,-1.597,254658.66,1791407.077
2022-06-22,601127.SH,71.98,73.32,70.21,70.3,70.86,-0.56,-0.7903,265404.68,1907385.853
2022-06-23,601127.SH,72.36,77.33,71.04,77.33,70.3,7.03,10.0,389268.66,2918438.335
2022-06-24,601127.SH,79.9,85.06,79.1,85.06,77.33,7.73,9.9961,359590.21,2949114.025
2022-06-27,601127.SH,86.5,86.86,80.18,82.28,85.06,-2.78,-3.2683,522013.88,4323470.122
2022-06-28,601127.SH,82.72,90.5,80.32,87.75,82.28,5.47,6.648,508078.43,4313262.377
2022-06-29,601127.SH,85.19,86.44,78.98,78.98,87.75,-8.77,-9.9943,469969.5,3825006.592
2022-06-30,601127.SH,77.2,84.2,77.2,81.09,78.98,2.11,2.6716,394285.51,3218856.784
2022-07-01,601127.SH,81.33,86.91,79.14,84.52,81.09,3.43,4.2299,409837.16,3418711.849
2022-07-04,601127.SH,85.0,85.82,76.81,83.01,84.52,-1.51,-1.7866,422316.09,3421217.618
2022-07-05,601127.SH,84.87,89.0,78.01,78.94,83.01,-4.07,-4.903,582127.83,4877522.346
2022-07-06,601127.SH,77.0,78.44,74.95,77.6,78.94,-1.34,-1.6975,412287.19,3153666.0
2022-07-07,601127.SH,77.8,82.99,77.02,81.33,77.6,3.73,4.8067,416363.41,3365403.686
2022-07-08,601127.SH,82.3,82.45,78.1,78.49,81.33,-2.84,-3.4919,243749.52,1937390.725
2022-07-11,601127.SH,77.85,77.99,73.3,74.5,78.49,-3.99,-5.0835,287755.36,2160633.786
2022-07-12,601127.SH,75.9,76.61,72.79,74.7,74.5,0.2,0.2685,236085.33,1766493.575
2022-07-13,601127.SH,74.01,75.9,72.0,73.91,74.7,-0.79,-1.0576,207977.35,1544865.697
2022-07-14,601127.SH,73.12,76.73,72.8,75.6,73.91,1.69,2.2866,221388.84,1671683.316
2022-07-15,601127.SH,75.0,78.86,73.88,73.94,75.6,-1.66,-2.1958,284798.68,2182729.421
2022-07-18,601127.SH,74.51,77.68,74.08,75.2,73.94,1.26,1.7041,216648.3,1641255.952
2022-07-19,601127.SH,75.42,76.68,73.33,73.92,75.2,-1.28,-1.7021,190267.02,1420222.429
2022-07-20,601127.SH,73.13,74.36,72.47,73.23,73.92,-0.69,-0.9334,152721.25,1117229.808
2022-07-21,601127.SH,73.0,73.47,70.55,71.01,73.23,-2.22,-3.0315,170398.21,1222077.812
2022-07-22,601127.SH,71.0,72.8,70.93,72.06,71.01,1.05,1.4787,152155.33,1095191.741
2022-07-25,601127.SH,71.3,73.1,69.1,72.88,72.06,0.82,1.1379,179828.26,1286020.524
2022-07-26,601127.SH,73.01,75.7,72.29,73.65,72.88,0.77,1.0565,211968.03,1566498.708
2022-07-27,601127.SH,72.62,74.32,71.52,73.0,73.65,-0.65,-0.8826,136317.22,992573.633
2022-07-28,601127.SH,74.2,75.55,71.5,73.42,73.0,0.42,0.5753,218524.94,1612494.541
2022-07-29,601127.SH,73.0,78.86,72.4,76.4,73.42,2.98,4.0588,280940.39,2116798.46
2022-08-01,601127.SH,75.9,81.58,74.91,81.03,76.4,4.63,6.0602,407049.73,3192962.625
2022-08-02,601127.SH,78.0,78.18,74.56,74.56,81.03,-6.47,-7.9847,337438.78,2572991.855
2022-08-03,601127.SH,75.0,77.24,70.12,70.91,74.56,-3.65,-4.8954,314154.58,2328773.736
2022-08-04,601127.SH,71.08,72.0,66.14,68.1,70.91,-2.81,-3.9628,269003.63,1837369.616
2022-08-05,601127.SH,68.11,68.44,66.6,67.38,68.1,-0.72,-1.0573,169350.79,1140260.284
2022-08-08,601127.SH,66.65,67.95,64.85,66.75,67.38,-0.63,-0.935,138174.91,924050.602
2022-08-09,601127.SH,67.0,67.91,66.0,66.32,66.75,-0.43,-0.6442,166834.34,1115455.12
2022-08-10,601127.SH,65.23,67.86,64.69,64.8,66.32,-1.52,-2.2919,175754.04,1157132.395
2022-08-11,601127.SH,64.85,65.77,63.63,65.22,64.8,0.42,0.6481,187476.53,1216211.556
2022-08-12,601127.SH,64.96,65.45,64.0,64.15,65.22,-1.07,-1.6406,101671.5,655674.615
2022-08-15,601127.SH,63.88,67.66,63.66,66.35,64.15,2.2,3.4295,195292.04,1289598.397
2022-08-16,601127.SH,66.31,67.6,65.21,66.32,66.35,-0.03,-0.0452,159133.48,1059422.515
2022-08-17,601127.SH,65.63,68.21,65.15,67.59,66.32,1.27,1.915,167889.78,1117966.279
2022-08-18,601127.SH,67.86,68.14,65.01,65.31,67.59,-2.28,-3.3733,171539.83,1136727.156
2022-08-19,601127.SH,64.7,65.31,62.83,63.58,65.31,-1.73,-2.6489,159087.07,1014820.91
2022-08-22,601127.SH,63.39,67.07,62.6,66.82,63.58,3.24,5.0959,215910.62,1422353.228
2022-08-23,601127.SH,66.83,66.83,65.03,65.61,66.82,-1.21,-1.8108,120409.99,790537.545
2022-08-24,601127.SH,65.25,65.94,61.6,61.99,65.61,-3.62,-5.5175,170605.66,1077974.96
2022-08-25,601127.SH,62.7,64.07,61.89,63.99,61.99,2.0,3.2263,153061.47,967658.483
2022-08-26,601127.SH,64.0,66.85,63.69,65.53,63.99,1.54,2.4066,158492.34,1042601.559
2022-08-29,601127.SH,66.8,67.38,65.6,66.33,65.53,0.8,1.2208,147777.76,983796.155
2022-08-30,601127.SH,65.9,66.99,65.25,66.34,66.33,0.01,0.0151,84326.4,557526.419
2022-08-31,601127.SH,66.0,68.11,60.8,61.8,66.34,-4.54,-6.8435,257619.75,1658147.923
2022-09-01,601127.SH,61.8,65.7,60.66,64.52,61.8,2.72,4.4013,182534.63,1160824.961
2022-09-02,601127.SH,66.2,68.1,63.81,65.07,64.52,0.55,0.8524,226430.4,1496534.516
2022-09-05,601127.SH,64.11,65.1,62.5,64.26,65.07,-0.81,-1.2448,136963.67,868632.409
2022-09-06,601127.SH,65.0,66.98,64.5,65.89,64.26,1.63,2.5366,168137.69,1114181.111
2022-09-07,601127.SH,66.68,67.88,66.0,66.96,65.89,1.07,1.6239,163092.19,1093185.967
2022-09-08,601127.SH,67.09,67.7,65.1,65.1,66.96,-1.86,-2.7778,112791.27,747266.636
2022-09-09,601127.SH,64.84,66.77,64.45,65.63,65.1,0.53,0.8141,82977.94,544254.032
2022-09-13,601127.SH,66.3,70.91,66.1,69.67,65.63,4.04,6.1557,243078.77,1669373.563
2022-09-14,601127.SH,68.69,70.54,67.65,68.89,69.67,-0.78,-1.1196,194462.51,1345368.887
2022-09-15,601127.SH,69.2,69.49,63.24,63.34,68.89,-5.55,-8.0563,268265.67,1759252.482
2022-09-16,601127.SH,63.45,64.77,61.66,63.08,63.34,-0.26,-0.4105,115074.94,730656.072
2022-09-19,601127.SH,63.34,69.39,63.26,67.35,63.08,4.27,6.7692,337812.0,2275352.262
2022-09-20,601127.SH,67.93,69.48,67.7,68.16,67.35,0.81,1.2027,198420.41,1359079.323
2022-09-21,601127.SH,66.9,68.17,66.11,67.8,68.16,-0.36,-0.5282,137451.91,923374.039
2022-09-22,601127.SH,66.28,67.71,64.5,65.9,67.8,-1.9,-2.8024,144419.36,956522.035
2022-09-23,601127.SH,65.15,65.94,62.1,63.25,65.9,-2.65,-4.0212,173850.53,1101156.349
2022-09-26,601127.SH,62.22,64.86,61.82,63.78,63.25,0.53,0.8379,128329.56,817041.742
2022-09-27,601127.SH,64.6,64.85,62.4,63.99,63.78,0.21,0.3293,100015.54,633479.4
2022-09-28,601127.SH,63.12,63.65,60.33,60.63,63.99,-3.36,-5.2508,129203.92,797306.75
2022-09-29,601127.SH,61.59,61.65,57.0,58.08,60.63,-2.55,-4.2058,163611.68,960620.231
2022-09-30,601127.SH,57.11,57.88,55.26,55.26,58.08,-2.82,-4.8554,136005.07,763490.873
2022-10-10,601127.SH,52.0,52.67,49.73,49.73,55.26,-5.53,-10.0072,194825.57,986036.44
2022-10-11,601127.SH,48.2,50.5,47.3,50.07,49.73,0.34,0.6837,175333.84,861127.2
2022-10-12,601127.SH,50.31,52.65,49.79,52.49,50.07,2.42,4.8332,176079.37,899168.0
2022-10-13,601127.SH,51.81,53.32,51.41,51.87,52.49,-0.62,-1.1812,117080.97,614712.364
2022-10-14,601127.SH,52.52,55.09,52.52,54.44,51.87,2.57,4.9547,166312.36,895403.567
2022-10-17,601127.SH,53.61,54.61,52.25,53.71,54.44,-0.73,-1.3409,127778.49,680330.792
2022-10-18,601127.SH,55.08,55.95,53.29,53.39,53.71,-0.32,-0.5958,117079.79,633794.831
2022-10-19,601127.SH,52.89,54.68,52.55,52.98,53.39,-0.41,-0.7679,96739.36,519475.31
2022-10-20,601127.SH,52.0,52.97,50.84,52.26,52.98,-0.72,-1.359,97380.02,504785.71
2022-10-21,601127.SH,52.4,52.45,50.77,50.96,52.26,-1.3,-2.4876,81722.71,420895.3
2022-10-24,601127.SH,50.55,51.73,48.95,49.45,50.96,-1.51,-2.9631,116732.97,585935.475
2022-10-25,601127.SH,49.57,51.2,48.5,50.32,49.45,0.87,1.7594,132824.25,662173.442
2022-10-26,601127.SH,50.38,51.1,49.5,50.24,50.32,-0.08,-0.159,103817.76,522663.274
2022-10-27,601127.SH,50.23,50.98,48.71,48.71,50.24,-1.53,-3.0454,120323.67,599200.977
2022-10-28,601127.SH,48.2,48.65,45.9,46.33,48.71,-2.38,-4.8861,173867.45,817073.481
2022-10-31,601127.SH,46.33,47.0,45.66,46.17,46.33,-0.16,-0.3453,105959.85,490800.082
2022-11-01,601127.SH,46.9,47.53,45.92,47.36,46.17,1.19,2.5774,146023.26,685450.918
2022-11-02,601127.SH,47.42,52.1,47.21,52.1,47.36,4.74,10.0084,231878.52,1158105.25
2022-11-03,601127.SH,52.0,54.65,51.33,52.2,52.1,0.1,0.1919,261689.18,1382327.852
2022-11-04,601127.SH,51.79,57.42,51.69,57.42,52.2,5.22,10.0,394889.61,2205631.367
2022-11-07,601127.SH,57.42,57.93,55.58,56.69,57.42,-0.73,-1.2713,271918.0,1544678.255
2022-11-08,601127.SH,56.27,57.5,54.91,55.5,56.69,-1.19,-2.0991,157292.7,878253.439
2022-11-09,601127.SH,55.69,57.0,54.52,54.8,55.5,-0.7,-1.2613,151360.99,840584.855
2022-11-10,601127.SH,53.3,53.98,52.4,53.5,54.8,-1.3,-2.3723,152493.86,809574.339
2022-11-11,601127.SH,56.0,56.7,53.16,54.25,53.5,0.75,1.4019,225665.36,1230222.598
2022-11-14,601127.SH,53.5,55.19,51.87,52.3,54.25,-1.95,-3.5945,161198.84,853850.36
2022-11-15,601127.SH,52.06,54.14,51.51,53.93,52.3,1.63,3.1166,182754.78,968213.949
2022-11-16,601127.SH,53.79,55.24,52.83,53.01,53.93,-0.92,-1.7059,137806.8,742710.678
2022-11-17,601127.SH,52.45,52.85,50.18,50.98,53.01,-2.03,-3.8295,179810.06,918606.579
2022-11-18,601127.SH,50.98,51.2,49.03,49.07,50.98,-1.91,-3.7466,174415.77,868293.691
2022-11-21,601127.SH,48.11,50.88,47.7,50.34,49.07,1.27,2.5881,197840.26,974682.54
2022-11-22,601127.SH,50.0,50.0,48.29,48.4,50.34,-1.94,-3.8538,148734.4,730031.199
2022-11-23,601127.SH,48.4,48.85,46.66,47.2,48.4,-1.2,-2.4793,170484.36,808668.583
2022-11-24,601127.SH,47.64,48.49,47.18,47.5,47.2,0.3,0.6356,142998.73,684033.414
2022-11-25,601127.SH,47.5,47.5,45.65,45.8,47.5,-1.7,-3.5789,178654.69,826633.893
2022-11-28,601127.SH,44.5,45.59,43.91,45.12,45.8,-0.68,-1.4847,119888.48,538016.039
2022-11-29,601127.SH,45.31,47.24,45.02,47.0,45.12,1.88,4.1667,172798.85,799045.863
2022-11-30,601127.SH,46.99,51.7,46.52,50.25,47.0,3.25,6.9149,458669.34,2287583.404
2022-12-01,601127.SH,52.3,53.88,48.8,48.86,50.25,-1.39,-2.7662,364230.24,1846472.959
2022-12-02,601127.SH,47.75,48.1,46.0,46.42,48.86,-2.44,-4.9939,305036.55,1433138.499
2022-12-05,601127.SH,47.1,47.87,46.13,46.44,46.42,0.02,0.0431,234313.07,1099023.372
2022-12-06,601127.SH,46.0,47.9,45.58,46.83,46.44,0.39,0.8398,192498.29,901564.007
2022-12-07,601127.SH,46.8,49.5,46.79,47.98,46.83,1.15,2.4557,280144.43,1352774.689
2022-12-08,601127.SH,47.99,49.18,47.41,47.86,47.98,-0.12,-0.2501,162467.31,780691.895
2022-12-09,601127.SH,48.01,48.38,47.1,47.69,47.86,-0.17,-0.3552,121654.28,579547.26
2022-12-12,601127.SH,47.3,47.3,46.35,46.56,47.69,-1.13,-2.3695,109261.11,511029.844
2022-12-13,601127.SH,46.39,47.83,45.62,45.7,46.56,-0.86,-1.8471,165071.83,766825.187
2022-12-14,601127.SH,45.25,46.06,45.0,45.52,45.7,-0.18,-0.3939,104237.99,473591.857
2022-12-15,601127.SH,45.7,47.39,45.31,47.31,45.52,1.79,3.9323,211202.63,984173.023
2022-12-16,601127.SH,46.81,46.85,44.6,44.8,47.31,-2.51,-5.3054,199179.58,908229.384
2022-12-19,601127.SH,44.95,47.8,44.95,45.8,44.8,1.0,2.2321,253984.79,1179671.424
2022-12-20,601127.SH,45.18,45.36,43.94,44.74,45.8,-1.06,-2.3144,178400.08,794840.499
2022-12-21,601127.SH,44.5,44.87,43.36,43.73,44.74,-1.01,-2.2575,131116.4,575888.896
2022-12-22,601127.SH,44.15,45.23,43.61,43.7,43.73,-0.03,-0.0686,158787.63,704690.935
2022-12-23,601127.SH,42.68,42.82,40.83,41.71,43.7,-1.99,-4.5538,219790.03,913253.266
2022-12-26,601127.SH,41.45,43.88,41.36,43.86,41.71,2.15,5.1546,201497.46,868569.577
2022-12-27,601127.SH,43.9,44.26,42.8,44.0,43.86,0.14,0.3192,124229.03,541519.648
2022-12-28,601127.SH,43.0,43.22,41.5,41.6,44.0,-2.4,-5.4545,206058.06,866267.087
2022-12-29,601127.SH,41.53,41.53,39.77,39.77,41.6,-1.83,-4.399,269826.35,1084170.785
2022-12-30,601127.SH,40.4,41.5,39.88,39.99,39.77,0.22,0.5532,181695.48,737096.396
2023-01-03,601127.SH,40.0,41.95,39.3,41.81,39.99,1.82,4.5511,208747.02,855710.804
2023-01-04,601127.SH,41.0,41.33,40.29,40.74,41.81,-1.07,-2.5592,125508.13,511972.994
2023-01-05,601127.SH,41.68,42.0,40.88,41.1,40.74,0.36,0.8837,152304.58,630488.86
2023-01-06,601127.SH,40.88,42.15,40.71,41.21,41.1,0.11,0.2676,155647.09,644021.523
2023-01-09,601127.SH,40.98,42.41,40.82,41.45,41.21,0.24,0.5824,196678.24,821780.967
2023-01-10,601127.SH,41.7,45.2,40.6,44.0,41.45,2.55,6.152,408809.4,1756892.183
2023-01-11,601127.SH,42.88,43.43,42.58,42.83,44.0,-1.17,-2.6591,218515.11,939224.782
2023-01-12,601127.SH,42.92,43.9,42.54,42.84,42.83,0.01,0.0233,158317.85,681486.941
2023-01-13,601127.SH,42.98,43.28,41.8,42.12,42.84,-0.72,-1.6807,147151.08,621894.522
2023-01-16,601127.SH,42.1,42.43,39.71,39.75,42.12,-2.37,-5.6268,533089.61,2172687.44
2023-01-17,601127.SH,39.78,40.51,38.38,39.79,39.75,0.04,0.1006,284767.44,1128737.432
2023-01-18,601127.SH,39.78,40.88,39.4,39.5,39.79,-0.29,-0.7288,235068.21,940226.015
2023-01-19,601127.SH,39.58,39.58,38.84,39.0,39.5,-0.5,-1.2658,174153.94,680839.361
2023-01-20,601127.SH,39.08,39.69,38.69,39.55,39.0,0.55,1.4103,210533.67,824665.914
2023-01-30,601127.SH,41.01,42.78,40.85,40.91,39.55,1.36,3.4387,481902.76,2008417.243
2023-01-31,601127.SH,40.45,41.5,40.41,40.93,40.91,0.02,0.0489,254498.63,1042650.603
2023-02-01,601127.SH,40.93,42.5,40.73,41.82,40.93,0.89,2.1744,386867.24,1614385.838
2023-02-02,601127.SH,42.1,43.4,41.55,42.45,41.82,0.63,1.5065,366413.54,1555747.302
2023-02-03,601127.SH,42.42,42.42,40.15,40.64,42.45,-1.81,-4.2638,391515.72,1604187.087
2023-02-06,601127.SH,40.62,40.96,39.89,39.98,40.64,-0.66,-1.624,225670.9,909419.303
2023-02-07,601127.SH,40.1,40.36,39.66,40.22,39.98,0.24,0.6003,162552.3,649833.372
2023-02-08,601127.SH,40.5,40.55,39.56,39.68,40.22,-0.54,-1.3426,173940.06,693348.258
2023-02-09,601127.SH,39.56,40.75,39.21,40.56,39.68,0.88,2.2177,231615.83,929672.664
2023-02-10,601127.SH,40.55,40.56,39.2,39.41,40.56,-1.15,-2.8353,259429.76,1029096.982
2023-02-13,601127.SH,39.69,40.13,39.0,39.82,39.41,0.41,1.0403,188058.27,743886.874
2023-02-14,601127.SH,39.83,39.99,37.7,39.42,39.82,-0.4,-1.0045,324349.48,1266002.623
2023-02-15,601127.SH,39.3,40.13,38.87,39.03,39.42,-0.39,-0.9893,233345.45,919436.876
2023-02-16,601127.SH,39.03,39.09,37.23,37.55,39.03,-1.48,-3.792,377824.59,1441903.768
2023-02-17,601127.SH,37.24,37.38,35.79,35.82,37.55,-1.73,-4.6072,366924.98,1336346.568
2023-02-20,601127.SH,36.0,36.57,35.36,36.54,35.82,0.72,2.0101,222849.15,803555.529
2023-02-21,601127.SH,36.56,37.99,36.55,37.41,36.54,0.87,2.381,289855.76,1082597.065
2023-02-22,601127.SH,37.14,38.09,36.71,37.7,37.41,0.29,0.7752,231571.7,865068.979
2023-02-23,601127.SH,37.65,38.46,37.27,37.4,37.7,-0.3,-0.7958,216522.39,818903.862
2023-02-24,601127.SH,37.0,37.43,36.66,37.03,37.4,-0.37,-0.9893,135095.23,499842.495
2023-02-27,601127.SH,37.9,38.1,36.96,37.32,37.03,0.29,0.7831,202535.58,757850.97
2023-02-28,601127.SH,37.3,37.72,36.91,37.65,37.32,0.33,0.8842,145499.72,542142.509
2023-03-01,601127.SH,37.57,39.21,37.23,39.0,37.65,1.35,3.5857,376178.4,1443106.394
2023-03-02,601127.SH,38.91,39.28,38.23,38.51,39.0,-0.49,-1.2564,254450.67,985176.47
2023-03-03,601127.SH,38.28,38.86,38.17,38.51,38.51,0.0,0.0,157774.55,606594.349
2023-03-06,601127.SH,38.49,38.77,37.6,38.5,38.51,-0.01,-0.026,160336.48,612188.52
2023-03-07,601127.SH,38.27,38.91,37.74,37.77,38.5,-0.73,-1.8961,179133.74,686456.386
2023-03-08,601127.SH,37.15,37.98,37.01,37.82,37.77,0.05,0.1324,129962.79,487249.548
2023-03-09,601127.SH,38.22,39.49,38.22,38.48,37.82,0.66,1.7451,285732.89,1108839.168
2023-03-10,601127.SH,37.97,38.23,36.7,36.98,38.48,-1.5,-3.8981,261613.62,974201.727
