trade_date,ts_code,open,high,low,close,pre_close,change,pct_chg,vol,amount
2019-10-08,002624.SZ,27.7,28.4,27.19,27.31,27.7,-0.39,-1.4079,79186.81,219557.076
2019-10-09,002624.SZ,27.32,27.59,27.09,27.48,27.31,0.17,0.6225,43030.33,117499.116
2019-10-10,002624.SZ,27.49,28.35,27.39,28.2,27.48,0.72,2.6201,66474.72,186308.007
2019-10-11,002624.SZ,28.2,28.73,27.72,28.47,28.2,0.27,0.9574,79455.28,224433.44
2019-10-14,002624.SZ,28.63,29.02,28.28,28.79,28.47,0.32,1.124,76804.53,220452.25
2019-10-15,002624.SZ,28.4,28.45,27.48,27.51,28.79,-1.28,-4.446,84903.74,235829.184
2019-10-16,002624.SZ,27.6,27.88,27.13,27.35,27.51,-0.16,-0.5816,68896.02,188621.815
2019-10-17,002624.SZ,27.28,27.85,27.22,27.51,27.35,0.16,0.585,53606.48,147470.375
2019-10-18,002624.SZ,27.51,27.84,26.96,27.34,27.51,-0.17,-0.618,54071.01,148098.389
2019-10-21,002624.SZ,27.41,27.46,26.71,27.05,27.34,-0.29,-1.0607,46105.46,124218.495
2019-10-22,002624.SZ,26.94,27.09,25.81,26.95,27.05,-0.1,-0.3697,98000.71,259444.77
2019-10-23,002624.SZ,27.06,27.78,26.61,27.46,26.95,0.51,1.8924,67194.83,184207.88
2019-10-24,002624.SZ,27.41,28.43,27.41,28.33,27.46,0.87,3.1682,88051.84,247296.688
2019-10-25,002624.SZ,28.36,28.83,28.12,28.79,28.33,0.46,1.6237,69785.15,199282.437
2019-10-28,002624.SZ,28.9,29.05,28.35,28.78,28.79,-0.01,-0.0347,91348.6,262961.286
2019-10-29,002624.SZ,28.9,28.9,28.35,28.51,28.78,-0.27,-0.9382,58800.07,168233.218
2019-10-30,002624.SZ,28.54,29.12,28.25,28.89,28.51,0.38,1.3329,50024.97,144104.598
2019-10-31,002624.SZ,28.85,29.66,28.68,29.5,28.89,0.61,2.1115,81343.06,238622.424
2019-11-01,002624.SZ,29.3,29.68,28.5,28.73,29.5,-0.77,-2.6102,93194.0,269267.105
2019-11-04,002624.SZ,28.96,28.98,28.4,28.6,28.73,-0.13,-0.4525,70354.66,201432.051
2019-11-05,002624.SZ,28.61,28.97,27.89,28.72,28.6,0.12,0.4196,92369.89,263125.579
2019-11-06,002624.SZ,28.85,28.85,27.63,27.78,28.72,-0.94,-3.273,83986.98,235447.005
2019-11-07,002624.SZ,27.92,29.08,27.88,28.89,27.78,1.11,3.9957,123957.59,356200.327
2019-11-08,002624.SZ,29.18,29.75,28.92,29.47,28.89,0.58,2.0076,104181.15,306163.156
2019-11-11,002624.SZ,29.51,30.06,28.83,28.83,29.47,-0.64,-2.1717,138963.48,410383.337
2019-11-12,002624.SZ,29.24,29.38,28.44,28.57,28.83,-0.26,-0.9018,90662.44,261002.301
2019-11-13,002624.SZ,28.83,30.18,28.75,29.46,28.57,0.89,3.1152,160631.12,476624.999
2019-11-14,002624.SZ,29.39,30.69,29.39,30.15,29.46,0.69,2.3422,144552.55,436293.081
2019-11-15,002624.SZ,30.41,30.66,29.6,30.35,30.15,0.2,0.6633,175602.59,532708.379
2019-11-18,002624.SZ,30.32,30.9,29.45,30.58,30.35,0.23,0.7578,174174.05,528705.633
2019-11-19,002624.SZ,30.56,33.64,30.3,33.64,30.58,3.06,10.0065,340732.31,1120136.295
2019-11-20,002624.SZ,35.0,37.0,34.68,35.72,33.64,2.08,6.1831,614526.28,2218118.657
2019-11-21,002624.SZ,35.68,35.8,33.86,34.5,35.72,-1.22,-3.4155,382952.35,1329659.669
2019-11-22,002624.SZ,34.26,35.1,33.71,34.25,34.5,-0.25,-0.7246,343366.33,1184436.592
2019-11-25,002624.SZ,33.9,35.05,32.91,34.56,34.25,0.31,0.9051,265820.45,904563.723
2019-11-26,002624.SZ,34.35,34.85,33.56,34.7,34.56,0.14,0.4051,191521.96,657045.872
2019-11-27,002624.SZ,34.15,34.62,33.4,34.39,34.7,-0.31,-0.8934,139396.05,474139.603
2019-11-28,002624.SZ,33.9,34.82,33.8,34.18,34.39,-0.21,-0.6106,94072.28,322767.887
2019-11-29,002624.SZ,34.22,34.76,33.18,34.5,34.18,0.32,0.9362,143862.99,489680.398
2019-12-02,002624.SZ,34.1,36.2,33.4,36.02,34.5,1.52,4.4058,185089.15,649800.148
2019-12-03,002624.SZ,35.5,36.35,35.45,35.87,36.02,-0.15,-0.4164,91108.71,326275.997
2019-12-04,002624.SZ,35.9,38.0,35.71,35.89,35.87,0.02,0.0558,172400.66,633022.747
2019-12-05,002624.SZ,36.55,36.85,35.75,36.3,35.89,0.41,1.1424,129406.16,469774.498
2019-12-06,002624.SZ,36.0,38.48,35.2,37.77,36.3,1.47,4.0496,238470.12,889799.589
2019-12-09,002624.SZ,37.6,38.99,37.11,37.7,37.77,-0.07,-0.1853,194460.24,744256.934
2019-12-10,002624.SZ,37.9,38.6,36.7,37.98,37.7,0.28,0.7427,133227.26,502386.045
2019-12-11,002624.SZ,37.99,39.43,37.18,37.66,37.98,-0.32,-0.8425,157530.79,601142.252
2019-12-12,002624.SZ,37.42,38.0,36.94,37.95,37.66,0.29,0.77,90984.78,341212.384
2019-12-13,002624.SZ,37.96,37.98,36.58,37.6,37.95,-0.35,-0.9223,135977.65,506822.041
2019-12-16,002624.SZ,37.96,40.21,37.81,40.09,37.6,2.49,6.6223,204387.91,807443.38
2019-12-17,002624.SZ,39.95,41.18,39.5,39.85,40.09,-0.24,-0.5987,171116.74,689196.539
2019-12-18,002624.SZ,39.96,42.54,39.68,40.99,39.85,1.14,2.8607,161308.42,663227.171
2019-12-19,002624.SZ,41.31,42.2,40.5,41.33,40.99,0.34,0.8295,130433.5,538504.148
2019-12-20,002624.SZ,41.44,43.5,41.44,42.13,41.33,0.8,1.9356,136749.7,582340.686
2019-12-23,002624.SZ,42.13,43.19,40.39,40.79,42.13,-1.34,-3.1806,158632.91,659181.845
2019-12-24,002624.SZ,40.83,42.46,39.98,42.2,40.79,1.41,3.4567,174368.08,717918.3
2019-12-25,002624.SZ,41.96,44.49,41.68,43.95,42.2,1.75,4.1469,179670.08,775806.524
2019-12-26,002624.SZ,43.53,44.8,43.08,44.39,43.95,0.44,1.0011,103441.2,454138.485
2019-12-27,002624.SZ,44.4,46.89,43.72,44.36,44.39,-0.03,-0.0676,163277.53,739785.05
2019-12-30,002624.SZ,44.0,45.54,43.1,43.95,44.36,-0.41,-0.9243,182907.58,807895.9
2019-12-31,002624.SZ,43.1,44.63,43.1,44.14,43.95,0.19,0.4323,126088.71,552456.503
2020-01-02,002624.SZ,44.51,48.55,43.67,48.55,44.14,4.41,9.9909,197866.42,930274.358
2020-01-03,002624.SZ,49.24,51.38,48.02,49.67,48.55,1.12,2.3069,231846.23,1142058.168
2020-01-06,002624.SZ,46.5,50.26,46.1,48.9,49.67,-0.77,-1.5502,287824.63,1398850.009
2020-01-07,002624.SZ,48.75,51.83,48.28,50.9,48.9,2.0,4.09,213501.1,1063976.932
2020-01-08,002624.SZ,50.0,50.5,48.21,48.28,50.9,-2.62,-5.1473,164373.64,810309.639
2020-01-09,002624.SZ,48.85,49.9,44.74,46.84,48.28,-1.44,-2.9826,278593.17,1303408.347
2020-01-10,002624.SZ,46.34,46.96,45.03,46.15,46.84,-0.69,-1.4731,214205.41,987806.895
2020-01-13,002624.SZ,46.2,47.16,45.56,46.8,46.15,0.65,1.4085,215536.59,1002059.227
2020-01-14,002624.SZ,46.8,48.53,46.53,46.98,46.8,0.18,0.3846,240103.21,1139525.938
2020-01-15,002624.SZ,46.47,47.5,45.45,45.9,46.98,-1.08,-2.2989,167957.09,773790.829
2020-01-16,002624.SZ,46.0,46.46,44.4,45.38,45.9,-0.52,-1.1329,193082.57,877358.791
2020-01-17,002624.SZ,45.75,46.32,44.6,44.97,45.38,-0.41,-0.9035,164770.68,744460.176
2020-01-20,002624.SZ,44.9,46.97,44.11,46.14,44.97,1.17,2.6017,228303.78,1047270.809
2020-01-21,002624.SZ,45.8,47.17,45.45,45.8,46.14,-0.34,-0.7369,179428.61,828756.179
2020-01-22,002624.SZ,45.27,46.18,43.23,45.71,45.8,-0.09,-0.1965,182162.4,820199.401
2020-01-23,002624.SZ,45.35,50.0,44.5,47.49,45.71,1.78,3.8941,344489.21,1658516.324
2020-02-03,002624.SZ,45.0,51.09,44.99,45.97,47.49,-1.52,-3.2007,336503.23,1611509.717
2020-02-04,002624.SZ,45.73,50.2,45.73,49.91,45.97,3.94,8.5708,393366.32,1908046.142
2020-02-05,002624.SZ,48.9,52.17,48.57,50.0,49.91,0.09,0.1803,351272.0,1766907.657
2020-02-06,002624.SZ,49.9,54.57,49.3,54.0,50.0,4.0,8.0,305338.74,1606323.037
2020-02-07,002624.SZ,52.68,57.89,52.68,55.89,54.0,1.89,3.5,268650.68,1498668.248
2020-02-10,002624.SZ,55.7,56.0,52.02,53.92,55.89,-1.97,-3.5248,219361.86,1185413.477
2020-02-11,002624.SZ,53.6,53.89,50.44,51.94,53.92,-1.98,-3.6721,220836.79,1142515.013
2020-02-12,002624.SZ,51.86,53.38,51.58,51.97,51.94,0.03,0.0578,261091.43,1364462.534
2020-02-13,002624.SZ,51.91,52.1,49.1,50.05,51.97,-1.92,-3.6944,326041.69,1636487.138
2020-02-14,002624.SZ,49.93,50.65,49.25,49.74,50.05,-0.31,-0.6194,206367.4,1028846.584
2020-02-17,002624.SZ,50.22,51.49,49.5,50.74,49.74,1.0,2.0105,222657.33,1127491.666
2020-02-18,002624.SZ,50.65,51.38,49.5,50.32,50.74,-0.42,-0.8277,209090.47,1053280.831
2020-02-19,002624.SZ,50.0,50.68,47.51,47.51,50.32,-2.81,-5.5843,319799.2,1556184.606
2020-02-20,002624.SZ,47.92,48.79,46.7,47.87,47.51,0.36,0.7577,297640.76,1421866.016
2020-02-21,002624.SZ,48.0,50.99,47.95,50.0,47.87,2.13,4.4496,321876.61,1610376.202
2020-02-24,002624.SZ,50.58,53.34,50.01,52.6,50.0,2.6,5.2,381700.36,1977743.834
2020-02-25,002624.SZ,51.4,52.5,48.61,51.0,52.6,-1.6,-3.0418,331597.3,1678651.366
2020-02-26,002624.SZ,50.02,50.27,47.2,49.01,51.0,-1.99,-3.902,265931.8,1295879.167
2020-02-27,002624.SZ,49.0,53.73,49.0,52.44,49.01,3.43,6.9986,335756.18,1734039.276
2020-02-28,002624.SZ,50.01,53.65,50.0,51.05,52.44,-1.39,-2.6506,283378.28,1464336.396
2020-03-02,002624.SZ,52.5,53.17,48.0,51.46,51.05,0.41,0.8031,294002.22,1493839.502
2020-03-03,002624.SZ,51.7,52.36,48.11,49.9,51.46,-1.56,-3.0315,296619.49,1490926.464
2020-03-04,002624.SZ,48.8,49.0,46.72,47.71,49.9,-2.19,-4.3888,250353.59,1194999.697
2020-03-05,002624.SZ,48.0,49.02,47.28,47.85,47.71,0.14,0.2934,140954.86,677017.657
2020-03-06,002624.SZ,47.33,49.09,46.54,48.0,47.85,0.15,0.3135,147676.49,708767.365
2020-03-09,002624.SZ,47.06,47.4,44.35,44.66,48.0,-3.34,-6.9583,195097.65,887034.535
2020-03-10,002624.SZ,44.0,46.13,43.8,45.4,44.66,0.74,1.657,165538.14,744386.343
2020-03-11,002624.SZ,45.57,46.5,44.02,44.19,45.4,-1.21,-2.6652,117592.76,528328.732
2020-03-12,002624.SZ,43.51,44.44,42.18,43.33,44.19,-0.86,-1.9461,161904.82,699170.467
2020-03-13,002624.SZ,40.63,42.99,40.4,42.33,43.33,-1.0,-2.3079,141706.83,591734.453
2020-03-16,002624.SZ,42.6,44.74,41.76,42.34,42.33,0.01,0.0236,249554.43,1083101.894
2020-03-17,002624.SZ,43.71,44.18,39.7,43.3,42.34,0.96,2.2674,219572.6,930802.691
2020-03-18,002624.SZ,43.35,46.5,43.35,44.13,43.3,0.83,1.9169,187369.1,838784.08
2020-03-19,002624.SZ,44.0,46.55,43.62,46.12,44.13,1.99,4.5094,220698.85,1006677.267
2020-03-20,002624.SZ,46.4,48.58,46.4,47.99,46.12,1.87,4.0546,215627.06,1031373.715
2020-03-23,002624.SZ,46.7,48.99,46.5,47.45,47.99,-0.54,-1.1252,145469.51,693236.442
2020-03-24,002624.SZ,48.31,48.33,44.83,46.72,47.45,-0.73,-1.5385,175948.86,818073.04
2020-03-25,002624.SZ,47.9,51.2,47.9,50.8,46.72,4.08,8.7329,219610.95,1089406.816
2020-03-26,002624.SZ,50.23,52.9,50.01,50.55,50.8,-0.25,-0.4921,200260.35,1033798.056
2020-03-27,002624.SZ,51.06,51.23,49.0,49.71,50.55,-0.84,-1.6617,123222.09,614867.779
2020-03-30,002624.SZ,48.05,48.79,45.65,47.24,49.71,-2.47,-4.9688,153090.61,718667.212
2020-03-31,002624.SZ,47.86,48.85,46.9,47.55,47.24,0.31,0.6562,103580.71,495503.1
2020-04-01,002624.SZ,47.63,49.65,46.4,47.68,47.55,0.13,0.2734,108273.36,522717.503
2020-04-02,002624.SZ,47.51,48.78,46.53,48.5,47.68,0.82,1.7198,96284.5,459219.837
2020-04-03,002624.SZ,48.5,49.48,47.67,48.35,48.5,-0.15,-0.3093,74342.87,360737.131
2020-04-07,002624.SZ,49.28,50.03,48.51,49.18,48.35,0.83,1.7166,136407.03,668966.817
2020-04-08,002624.SZ,48.58,49.81,48.13,48.4,49.18,-0.78,-1.586,80570.25,393368.904
2020-04-09,002624.SZ,48.8,49.38,47.52,48.9,48.4,0.5,1.0331,79535.0,384690.277
2020-04-10,002624.SZ,48.9,49.29,47.66,48.05,48.9,-0.85,-1.7382,66591.37,321143.194
2020-04-13,002624.SZ,47.75,48.44,45.7,46.31,48.05,-1.74,-3.6212,83781.49,388825.274
2020-04-14,002624.SZ,46.71,49.4,46.55,49.21,46.31,2.9,6.2621,130243.81,629561.119
2020-04-15,002624.SZ,49.51,50.95,49.2,49.81,49.21,0.6,1.2193,116845.97,586970.327
2020-04-16,002624.SZ,49.42,51.81,49.42,51.03,49.81,1.22,2.4493,109640.8,556501.211
2020-04-17,002624.SZ,50.81,52.0,49.75,50.2,51.03,-0.83,-1.6265,84567.85,427318.961
2020-04-20,002624.SZ,49.9,50.3,49.18,49.49,50.2,-0.71,-1.4143,68545.66,340181.83
2020-04-21,002624.SZ,49.6,50.45,48.84,49.92,49.49,0.43,0.8689,67897.61,337777.791
2020-04-22,002624.SZ,49.47,50.8,48.71,50.6,49.92,0.68,1.3622,83691.71,416229.155
2020-04-23,002624.SZ,50.93,50.93,47.57,48.0,50.6,-2.6,-5.1383,154898.88,751431.615
2020-04-24,002624.SZ,48.2,48.47,46.01,46.62,48.0,-1.38,-2.875,154490.33,727268.415
2020-04-27,002624.SZ,46.75,47.06,45.65,45.78,46.62,-0.84,-1.8018,82769.78,381859.616
2020-04-28,002624.SZ,45.8,46.79,44.7,46.5,45.78,0.72,1.5727,94257.02,434435.012
2020-04-29,002624.SZ,46.13,47.93,46.13,46.92,46.5,0.42,0.9032,67451.15,317685.701
2020-04-30,002624.SZ,47.04,47.77,45.51,47.29,46.92,0.37,0.7886,128645.43,601870.411
2020-05-06,002624.SZ,46.7,46.7,45.22,45.65,47.29,-1.64,-3.468,244571.67,1117938.312
2020-05-07,002624.SZ,45.54,46.98,45.34,46.2,45.65,0.55,1.2048,197223.95,913486.211
2020-05-08,002624.SZ,46.32,46.88,45.21,45.57,46.2,-0.63,-1.3636,185633.37,849764.659
2020-05-11,002624.SZ,45.98,46.3,44.89,45.0,45.57,-0.57,-1.2508,157896.18,716003.079
2020-05-12,002624.SZ,45.19,45.48,44.68,45.1,45.0,0.1,0.2222,124268.07,560634.755
2020-05-13,002624.SZ,45.0,45.3,44.01,44.7,45.1,-0.4,-0.8869,196203.51,874489.615
2020-05-14,002624.SZ,44.92,47.12,44.91,45.7,44.7,1.0,2.2371,328410.56,1513464.013
2020-05-15,002624.SZ,45.71,45.85,44.57,44.99,45.7,-0.71,-1.5536,207563.78,937165.323
2020-05-18,002624.SZ,44.6,44.87,43.4,44.45,44.99,-0.54,-1.2003,143191.26,634451.312
2020-05-19,002624.SZ,44.66,45.43,44.5,45.0,44.45,0.55,1.2373,152227.2,685217.693
2020-05-20,002624.SZ,45.07,45.19,44.1,44.26,45.0,-0.74,-1.6444,104994.24,469135.845
2020-05-21,002624.SZ,44.2,44.47,43.48,43.78,44.26,-0.48,-1.0845,118128.52,518152.917
2020-05-22,002624.SZ,43.61,44.17,42.57,42.79,43.78,-0.99,-2.2613,98215.36,426515.069
2020-05-25,002624.SZ,42.7,42.84,41.15,41.9,42.79,-0.89,-2.0799,134905.59,565218.05
2020-05-26,002624.SZ,42.45,42.9,41.91,42.66,41.9,0.76,1.8138,130657.06,556743.12
2020-05-27,002624.SZ,42.89,43.91,42.39,42.66,42.66,0.0,0.0,122281.3,528578.814
2020-05-28,002624.SZ,42.41,43.18,41.64,42.87,42.66,0.21,0.4923,108020.08,457957.479
2020-05-29,002624.SZ,42.7,44.43,42.53,43.95,42.87,1.08,2.5192,115859.88,508101.956
2020-06-01,002624.SZ,44.4,45.45,43.71,45.09,43.95,1.14,2.5939,157314.05,707029.941
2020-06-02,002624.SZ,45.84,45.84,44.72,44.9,45.09,-0.19,-0.4214,138734.87,627057.356
2020-06-03,002624.SZ,45.06,45.3,44.62,45.1,44.9,0.2,0.4454,117276.19,527844.618
2020-06-04,002624.SZ,45.0,46.1,44.65,45.0,45.1,-0.1,-0.2217,106898.18,484743.939
2020-06-05,002624.SZ,45.0,46.88,44.8,46.81,45.0,1.81,4.0222,166135.31,764123.928
2020-06-08,002624.SZ,46.79,46.79,45.87,45.96,46.81,-0.85,-1.8159,113334.95,523703.578
2020-06-09,002624.SZ,46.07,47.46,45.78,47.06,45.96,1.1,2.3934,127052.34,596076.092
2020-06-10,002624.SZ,47.15,47.74,46.64,47.66,47.06,0.6,1.275,129808.83,614228.768
2020-06-11,002624.SZ,47.79,50.6,47.3,49.33,47.66,1.67,3.504,233742.99,1156036.5
2020-06-12,002624.SZ,48.33,51.46,48.1,50.4,49.33,1.07,2.1691,229326.07,1147726.579
2020-06-15,002624.SZ,51.23,53.84,50.62,50.97,50.4,0.57,1.131,286603.66,1495127.102
2020-06-16,002624.SZ,52.1,52.5,50.31,51.27,50.97,0.3,0.5886,207513.38,1063630.286
2020-06-17,002624.SZ,51.38,52.4,49.61,50.23,51.27,-1.04,-2.0285,225696.59,1142720.934
2020-06-18,002624.SZ,50.5,51.68,49.3,49.61,50.23,-0.62,-1.2343,219075.98,1094969.643
2020-06-19,002624.SZ,50.04,52.62,49.7,51.4,49.61,1.79,3.6081,207104.62,1067919.162
2020-06-22,002624.SZ,51.5,52.3,51.0,51.37,51.4,-0.03,-0.0584,184560.03,949362.108
2020-06-23,002624.SZ,51.97,56.48,51.5,54.89,51.37,3.52,6.8522,292239.9,1583167.252
2020-06-24,002624.SZ,55.3,56.85,54.68,56.1,54.89,1.21,2.2044,199905.27,1115514.034
2020-06-29,002624.SZ,55.7,56.68,54.79,55.47,56.1,-0.63,-1.123,143872.17,800815.388
2020-06-30,002624.SZ,56.0,58.66,55.02,57.64,55.47,2.17,3.912,193421.38,1104028.763
2020-07-01,002624.SZ,58.1,58.38,54.66,56.68,57.64,-0.96,-1.6655,190135.91,1074802.924
2020-07-02,002624.SZ,56.68,57.62,54.71,55.24,56.68,-1.44,-2.5406,256359.96,1430705.797
2020-07-03,002624.SZ,55.25,55.79,53.0,54.9,55.24,-0.34,-0.6155,188695.49,1030883.264
2020-07-06,002624.SZ,54.5,55.99,53.81,55.53,54.9,0.63,1.1475,312230.77,1716056.127
2020-07-07,002624.SZ,55.03,59.14,54.33,56.71,55.53,1.18,2.125,297835.57,1693007.5
2020-07-08,002624.SZ,56.89,58.0,55.7,57.77,56.71,1.06,1.8692,210825.03,1199912.36
2020-07-09,002624.SZ,57.31,61.8,57.0,60.09,57.77,2.32,4.0159,258123.33,1549314.498
2020-07-10,002624.SZ,59.69,60.8,59.26,59.98,60.09,-0.11,-0.1831,153577.58,921473.011
2020-07-13,002624.SZ,60.88,61.32,59.38,60.86,59.98,0.88,1.4672,144621.12,874517.184
2020-07-14,002624.SZ,60.0,63.82,59.7,61.6,60.86,0.74,1.2159,211410.79,1299517.026
2020-07-15,002624.SZ,61.64,62.9,59.0,60.35,61.6,-1.25,-2.0292,234971.33,1434198.393
2020-07-16,002624.SZ,60.58,63.12,57.0,57.38,60.35,-2.97,-4.9213,208927.99,1258443.534
2020-07-17,002624.SZ,58.2,61.73,57.38,60.75,57.38,3.37,5.8731,208331.59,1249436.134
2020-07-20,002624.SZ,61.67,63.18,59.6,62.28,60.75,1.53,2.5185,190003.08,1161832.903
2020-07-21,002624.SZ,41.37,42.98,40.51,42.14,41.37,0.77,1.8613,264644.0,1100248.372
2020-07-22,002624.SZ,42.1,43.16,41.1,42.9,42.14,0.76,1.8035,236899.27,1007288.991
2020-07-23,002624.SZ,42.26,43.1,41.03,41.96,42.9,-0.94,-2.1911,260258.52,1091552.202
2020-07-24,002624.SZ,41.3,41.84,37.76,37.77,41.96,-4.19,-9.9857,449504.68,1765178.549
2020-07-27,002624.SZ,37.77,38.49,36.0,36.99,37.77,-0.78,-2.0651,242021.01,902389.381
2020-07-28,002624.SZ,37.68,38.15,36.98,37.38,36.99,0.39,1.0543,219989.3,824548.768
2020-07-29,002624.SZ,37.66,39.32,37.38,39.32,37.38,1.94,5.1899,263725.46,1019480.448
2020-07-30,002624.SZ,39.88,39.88,38.0,38.24,39.32,-1.08,-2.7467,215182.71,827493.418
2020-07-31,002624.SZ,38.31,39.11,37.8,38.38,38.24,0.14,0.3661,211138.37,811720.336
2020-08-03,002624.SZ,38.97,39.15,37.02,38.19,38.38,-0.19,-0.495,305859.3,1155949.21
2020-08-04,002624.SZ,38.13,38.5,37.33,37.4,38.19,-0.79,-2.0686,240947.12,909945.128
2020-08-05,002624.SZ,37.36,37.85,37.02,37.56,37.4,0.16,0.4278,233904.06,876894.45
2020-08-06,002624.SZ,37.36,37.36,36.27,36.68,37.56,-0.88,-2.3429,276085.2,1013054.707
2020-08-07,002624.SZ,36.83,37.25,35.03,35.86,36.68,-0.82,-2.2356,233592.8,840329.992
2020-08-10,002624.SZ,36.19,36.5,35.1,36.28,35.86,0.42,1.1712,244707.11,876631.225
2020-08-11,002624.SZ,36.28,36.45,35.4,35.46,36.28,-0.82,-2.2602,163669.67,588462.317
2020-08-12,002624.SZ,35.65,35.7,34.08,34.95,35.46,-0.51,-1.4382,188090.6,654419.473
2020-08-13,002624.SZ,35.32,35.68,34.8,35.31,34.95,0.36,1.03,139108.18,490714.489
2020-08-14,002624.SZ,35.31,36.37,35.0,35.93,35.31,0.62,1.7559,166885.09,596817.887
2020-08-17,002624.SZ,36.1,36.24,35.6,36.16,35.93,0.23,0.6401,173385.92,623823.099
2020-08-18,002624.SZ,36.08,36.69,35.73,36.54,36.16,0.38,1.0509,166003.84,601975.163
2020-08-19,002624.SZ,36.53,36.54,35.23,35.25,36.54,-1.29,-3.5304,171580.94,611592.894
2020-08-20,002624.SZ,35.15,35.65,34.58,35.31,35.25,0.06,0.1702,116522.36,410096.126
2020-08-21,002624.SZ,35.68,37.68,35.68,36.8,35.31,1.49,4.2198,281109.63,1037590.086
2020-08-24,002624.SZ,36.93,37.69,36.38,37.44,36.8,0.64,1.7391,227851.16,850097.05
2020-08-25,002624.SZ,37.46,37.75,36.96,37.33,37.44,-0.11,-0.2938,154552.1,577444.906
2020-08-26,002624.SZ,37.4,37.68,37.1,37.4,37.33,0.07,0.1875,147943.8,553191.25
2020-08-27,002624.SZ,37.27,37.51,36.3,36.92,37.4,-0.48,-1.2834,174539.92,644471.404
2020-08-28,002624.SZ,36.81,38.0,36.51,37.82,36.92,0.9,2.4377,253464.73,950146.049
2020-08-31,002624.SZ,37.85,38.82,36.59,36.61,37.82,-1.21,-3.1994,292230.51,1091755.396
2020-09-01,002624.SZ,36.36,36.53,35.4,36.31,36.61,-0.3,-0.8194,194779.24,701978.425
2020-09-02,002624.SZ,36.5,37.44,36.36,36.97,36.31,0.66,1.8177,187754.64,695043.658
2020-09-03,002624.SZ,37.3,37.55,36.79,37.0,36.97,0.03,0.0811,159243.2,591896.334
2020-09-04,002624.SZ,36.3,37.0,35.52,35.98,37.0,-1.02,-2.7568,221214.91,796042.864
2020-09-07,002624.SZ,36.0,36.04,34.1,34.28,35.98,-1.7,-4.7248,224747.27,786294.269
2020-09-08,002624.SZ,34.55,34.8,33.82,34.4,34.28,0.12,0.3501,170976.07,587284.53
2020-09-09,002624.SZ,33.89,34.15,33.0,33.38,34.4,-1.02,-2.9651,168139.27,565055.16
2020-09-10,002624.SZ,33.88,34.24,32.6,32.97,33.38,-0.41,-1.2283,169057.37,564125.115
2020-09-11,002624.SZ,32.97,33.81,32.75,33.62,32.97,0.65,1.9715,136608.22,453993.769
2020-09-14,002624.SZ,33.8,33.92,33.1,33.33,33.62,-0.29,-0.8626,136550.67,457255.309
2020-09-15,002624.SZ,33.33,34.17,33.33,33.6,33.33,0.27,0.8101,146071.61,491287.414
2020-09-16,002624.SZ,33.55,33.92,32.85,33.03,33.6,-0.57,-1.6964,147141.67,486418.134
2020-09-17,002624.SZ,33.35,33.35,31.93,32.78,33.03,-0.25,-0.7569,209534.7,679918.89
2020-09-18,002624.SZ,32.47,33.0,32.1,33.0,32.78,0.22,0.6711,183511.81,599059.944
2020-09-21,002624.SZ,32.91,32.99,32.13,32.18,33.0,-0.82,-2.4848,203249.36,656788.507
2020-09-22,002624.SZ,32.5,33.15,32.08,32.49,32.18,0.31,0.9633,233003.97,760474.357
2020-09-23,002624.SZ,32.22,33.83,32.22,33.6,32.49,1.11,3.4164,204187.53,680409.316
2020-09-24,002624.SZ,33.42,35.4,33.33,34.0,33.6,0.4,1.1905,317672.0,1093430.35
2020-09-25,002624.SZ,33.95,34.47,33.57,33.64,34.0,-0.36,-1.0588,159152.05,541587.845
2020-09-28,002624.SZ,33.74,33.91,33.01,33.21,33.64,-0.43,-1.2782,105192.55,351234.124
2020-09-29,002624.SZ,33.21,33.47,32.8,33.26,33.21,0.05,0.1506,126910.35,421688.509
2020-09-30,002624.SZ,33.65,34.3,33.18,33.3,33.26,0.04,0.1203,130860.67,440725.001
2020-10-09,002624.SZ,33.88,34.86,33.58,34.7,33.3,1.4,4.2042,163492.97,563126.049
2020-10-12,002624.SZ,34.74,34.81,31.4,32.79,34.7,-1.91,-5.5043,577089.99,1876568.966
2020-10-13,002624.SZ,32.43,32.59,31.43,32.55,32.79,-0.24,-0.7319,356084.38,1140795.951
2020-10-14,002624.SZ,32.13,32.74,31.46,31.46,32.55,-1.09,-3.3487,315669.34,1006048.413
2020-10-15,002624.SZ,31.5,31.76,31.02,31.63,31.46,0.17,0.5404,227068.91,715155.533
2020-10-16,002624.SZ,31.47,31.8,31.01,31.15,31.63,-0.48,-1.5175,181961.8,569507.47
2020-10-19,002624.SZ,31.03,31.05,29.97,30.0,31.15,-1.15,-3.6918,243267.98,735126.849
2020-10-20,002624.SZ,29.88,30.34,29.4,30.31,30.0,0.31,1.0333,126921.79,381111.872
2020-10-21,002624.SZ,30.14,30.4,29.55,29.64,30.31,-0.67,-2.2105,168737.87,503790.211
2020-10-22,002624.SZ,29.64,29.75,28.5,29.25,29.64,-0.39,-1.3158,170394.12,497708.654
2020-10-23,002624.SZ,29.51,29.6,27.7,27.75,29.25,-1.5,-5.1282,214952.29,609685.041
2020-10-26,002624.SZ,27.55,28.66,27.3,28.17,27.75,0.42,1.5135,165193.66,463417.965
2020-10-27,002624.SZ,27.95,28.88,27.92,28.59,28.17,0.42,1.4909,176180.63,503081.15
2020-10-28,002624.SZ,28.66,29.48,28.4,29.1,28.59,0.51,1.7838,202848.95,589642.358
2020-10-29,002624.SZ,28.78,29.03,28.32,28.74,29.1,-0.36,-1.2371,146638.81,420492.788
2020-10-30,002624.SZ,29.29,29.39,27.8,28.07,28.74,-0.67,-2.3312,183349.4,521840.549
2020-11-02,002624.SZ,28.05,28.33,27.38,27.55,28.07,-0.52,-1.8525,238953.61,662004.885
2020-11-03,002624.SZ,27.9,28.47,27.6,28.36,27.55,0.81,2.9401,212836.23,598226.991
2020-11-04,002624.SZ,28.5,29.01,27.97,28.8,28.36,0.44,1.5515,198928.94,568423.268
2020-11-05,002624.SZ,29.25,29.5,28.15,28.48,28.8,-0.32,-1.1111,222087.47,634625.742
2020-11-06,002624.SZ,28.41,28.83,28.1,28.79,28.48,0.31,1.0885,184804.96,525939.268
2020-11-09,002624.SZ,28.84,30.41,28.5,30.09,28.79,1.3,4.5155,398900.66,1178334.966
2020-11-10,002624.SZ,30.0,30.0,28.58,29.7,30.09,-0.39,-1.2961,318393.61,933075.69
2020-11-11,002624.SZ,29.5,29.65,28.62,28.75,29.7,-0.95,-3.1987,200190.81,582386.789
2020-11-12,002624.SZ,28.82,29.29,28.58,28.8,28.75,0.05,0.1739,119736.24,345038.739
2020-11-13,002624.SZ,28.64,28.8,27.88,28.2,28.8,-0.6,-2.0833,173339.77,489933.765
2020-11-16,002624.SZ,28.12,28.36,27.71,28.26,28.2,0.06,0.2128,183486.1,513730.577
2020-11-17,002624.SZ,27.97,28.19,27.31,27.5,28.26,-0.76,-2.6893,183801.65,508736.69
2020-11-18,002624.SZ,27.01,27.3,25.09,25.77,27.5,-1.73,-6.2909,627157.81,1613625.71
2020-11-19,002624.SZ,25.75,26.42,25.5,26.19,25.77,0.42,1.6298,330122.15,861560.781
2020-11-20,002624.SZ,26.3,26.38,25.46,25.93,26.19,-0.26,-0.9927,304494.34,789484.684
2020-11-23,002624.SZ,26.2,26.3,25.22,25.7,25.93,-0.23,-0.887,322721.86,829087.949
2020-11-24,002624.SZ,25.6,26.49,25.45,25.91,25.7,0.21,0.8171,270246.26,701109.782
2020-11-25,002624.SZ,25.85,25.9,25.33,25.34,25.91,-0.57,-2.1999,194289.56,496305.279
2020-11-26,002624.SZ,25.31,25.47,24.77,24.9,25.34,-0.44,-1.7364,181854.56,454629.766
2020-11-27,002624.SZ,24.95,25.57,24.64,25.42,24.9,0.52,2.0884,181820.12,458845.519
2020-11-30,002624.SZ,25.45,27.25,25.1,26.95,25.42,1.53,6.0189,424880.12,1123603.452
2020-12-01,002624.SZ,27.05,28.93,26.7,28.72,26.95,1.77,6.5677,605915.84,1706985.374
2020-12-02,002624.SZ,28.25,29.37,28.11,28.85,28.72,0.13,0.4526,368048.62,1058595.574
2020-12-03,002624.SZ,28.79,29.27,28.33,28.51,28.85,-0.34,-1.1785,257367.98,739559.905
2020-12-04,002624.SZ,28.5,28.86,28.31,28.85,28.51,0.34,1.1926,166088.78,475600.816
2020-12-07,002624.SZ,28.9,28.95,28.14,28.35,28.85,-0.5,-1.7331,190447.27,541892.113
2020-12-08,002624.SZ,28.55,29.55,28.39,28.49,28.35,0.14,0.4938,301288.48,870768.089
2020-12-09,002624.SZ,28.4,28.79,27.65,27.66,28.49,-0.83,-2.9133,203355.33,571330.646
2020-12-10,002624.SZ,27.56,28.03,26.88,27.0,27.66,-0.66,-2.3861,225657.64,616518.981
2020-12-11,002624.SZ,27.22,27.4,26.6,26.98,27.0,-0.02,-0.0741,234045.66,630354.012
2020-12-14,002624.SZ,26.83,27.4,26.01,27.31,26.98,0.33,1.2231,228059.61,608505.448
2020-12-15,002624.SZ,27.11,27.43,26.71,26.86,27.31,-0.45,-1.6477,161843.81,436352.299
2020-12-16,002624.SZ,26.9,27.05,26.1,26.3,26.86,-0.56,-2.0849,153282.6,406528.342
2020-12-17,002624.SZ,26.58,26.6,25.73,26.03,26.3,-0.27,-1.0266,213561.42,554980.657
2020-12-18,002624.SZ,26.05,26.44,25.65,26.37,26.03,0.34,1.3062,215017.61,560123.511
2020-12-21,002624.SZ,26.2,28.28,26.1,28.26,26.37,1.89,7.1672,381938.3,1057618.982
2020-12-22,002624.SZ,28.3,28.6,27.76,27.92,28.26,-0.34,-1.2031,311515.77,875529.409
2020-12-23,002624.SZ,27.76,27.87,27.05,27.82,27.92,-0.1,-0.3582,278010.29,763651.932
2020-12-24,002624.SZ,27.6,28.15,26.63,26.81,27.82,-1.01,-3.6305,217838.27,594090.121
2020-12-25,002624.SZ,26.98,27.57,26.42,27.11,26.81,0.3,1.119,222408.11,600659.507
2020-12-28,002624.SZ,27.2,27.2,25.71,25.87,27.11,-1.24,-4.574,283202.71,744773.916
2020-12-29,002624.SZ,25.99,28.46,25.91,28.46,25.87,2.59,10.0116,664046.53,1851476.512
2020-12-30,002624.SZ,28.23,29.99,27.76,29.51,28.46,1.05,3.6894,717256.35,2081630.105
2020-12-31,002624.SZ,29.67,29.68,28.58,29.5,29.51,-0.01,-0.0339,388735.75,1139356.541
2021-01-04,002624.SZ,29.49,30.57,29.12,30.1,29.5,0.6,2.0339,436019.81,1308330.482
2021-01-05,002624.SZ,29.8,31.54,29.7,30.84,30.1,0.74,2.4585,436085.14,1349353.659
2021-01-06,002624.SZ,30.85,31.23,29.78,30.19,30.84,-0.65,-2.1077,332446.42,1007364.564
2021-01-07,002624.SZ,29.72,29.94,28.4,29.02,30.19,-1.17,-3.8755,430461.78,1244843.72
2021-01-08,002624.SZ,28.7,31.25,28.56,30.43,29.02,1.41,4.8587,699255.72,2097166.28
2021-01-11,002624.SZ,30.0,30.97,28.95,29.69,30.43,-0.74,-2.4318,627045.95,1875317.482
2021-01-12,002624.SZ,29.2,29.2,27.09,27.78,29.69,-1.91,-6.4331,812376.93,2264325.673
2021-01-13,002624.SZ,28.31,28.74,26.8,27.18,27.78,-0.6,-2.1598,920787.21,2554627.753
2021-01-14,002624.SZ,27.07,27.47,25.87,26.06,27.18,-1.12,-4.1207,872712.09,2316319.884
2021-01-15,002624.SZ,26.15,26.78,25.36,25.89,26.06,-0.17,-0.6523,751725.3,1953209.356
2021-01-18,002624.SZ,25.87,26.89,25.18,26.78,25.89,0.89,3.4376,599078.09,1576450.673
2021-01-19,002624.SZ,26.8,26.81,26.02,26.33,26.78,-0.45,-1.6804,416592.81,1096190.059
2021-01-20,002624.SZ,26.11,26.84,25.91,26.58,26.33,0.25,0.9495,322709.93,855265.762
2021-01-21,002624.SZ,26.99,28.1,26.82,27.81,26.58,1.23,4.6275,676707.97,1871357.806
2021-01-22,002624.SZ,27.9,27.94,26.88,27.39,27.81,-0.42,-1.5102,520871.43,1418441.26
2021-01-25,002624.SZ,26.98,27.12,25.95,26.16,27.39,-1.23,-4.4907,557184.49,1467807.158
2021-01-26,002624.SZ,25.9,26.69,25.71,26.18,26.16,0.02,0.0765,386604.24,1014037.693
2021-01-27,002624.SZ,26.25,28.47,25.95,28.0,26.18,1.82,6.9519,896957.14,2468891.212
2021-01-28,002624.SZ,28.12,28.89,27.24,27.73,28.0,-0.27,-0.9643,840414.84,2359123.068
2021-01-29,002624.SZ,27.9,28.01,26.35,27.28,27.73,-0.45,-1.6228,599793.22,1617516.903
2021-02-01,002624.SZ,26.2,27.89,26.0,27.73,27.28,0.45,1.6496,568768.7,1540837.4
2021-02-02,002624.SZ,27.75,27.85,26.67,26.71,27.73,-1.02,-3.6783,473972.87,1276265.658
2021-02-03,002624.SZ,26.6,27.16,26.16,26.45,26.71,-0.26,-0.9734,387876.81,1031637.379
2021-02-04,002624.SZ,26.5,26.53,23.82,23.86,26.45,-2.59,-9.7921,872276.54,2149807.278
2021-02-05,002624.SZ,23.91,24.39,23.33,23.35,23.86,-0.51,-2.1375,433396.6,1031091.988
2021-02-08,002624.SZ,23.5,23.6,22.29,22.96,23.35,-0.39,-1.6702,514288.48,1168978.203
2021-02-09,002624.SZ,23.0,23.63,22.64,23.38,22.96,0.42,1.8293,446136.65,1034144.753
2021-02-10,002624.SZ,23.3,23.97,23.19,23.69,23.38,0.31,1.3259,366974.03,865881.692
2021-02-18,002624.SZ,24.45,24.6,23.87,24.14,23.69,0.45,1.8995,358087.63,866626.36
2021-02-19,002624.SZ,24.13,25.46,23.94,25.43,24.14,1.29,5.3438,436875.33,1087238.24
2021-02-22,002624.SZ,25.39,25.4,24.61,24.66,25.43,-0.77,-3.0279,427602.08,1067269.431
2021-02-23,002624.SZ,24.4,24.5,23.98,24.07,24.66,-0.59,-2.3925,249380.93,603175.546
2021-02-24,002624.SZ,24.05,25.11,24.02,24.23,24.07,0.16,0.6647,339089.67,831493.534
2021-02-25,002624.SZ,24.48,24.55,23.68,23.86,24.23,-0.37,-1.527,262218.43,626744.791
2021-02-26,002624.SZ,23.5,24.17,23.3,23.6,23.86,-0.26,-1.0897,250513.22,594133.549
2021-03-01,002624.SZ,23.61,24.35,23.51,24.31,23.6,0.71,3.0085,221055.13,530598.336
2021-03-02,002624.SZ,24.4,24.56,24.05,24.48,24.31,0.17,0.6993,241422.62,586529.462
2021-03-03,002624.SZ,24.22,25.17,24.19,24.82,24.48,0.34,1.3889,281183.19,696582.785
2021-03-04,002624.SZ,24.5,25.0,24.32,24.84,24.82,0.02,0.0806,221309.79,545775.046
2021-03-05,002624.SZ,24.69,25.35,24.39,25.04,24.84,0.2,0.8052,372816.98,936092.181
2021-03-08,002624.SZ,25.49,26.16,25.01,25.04,25.04,0.0,0.0,455102.81,1167912.53
2021-03-09,002624.SZ,24.7,24.92,23.55,23.88,25.04,-1.16,-4.6326,373299.85,904184.543
2021-03-10,002624.SZ,24.15,24.19,22.48,22.78,23.88,-1.1,-4.6064,396998.19,920688.457
2021-03-11,002624.SZ,22.77,23.71,22.5,23.05,22.78,0.27,1.1853,426550.35,980197.761
2021-03-12,002624.SZ,22.8,22.92,21.73,22.15,23.05,-0.9,-3.9046,451436.84,1007209.15
2021-03-15,002624.SZ,21.4,21.4,19.94,19.94,22.15,-2.21,-9.9774,829964.38,1678508.52
2021-03-16,002624.SZ,19.48,20.22,19.46,19.96,19.94,0.02,0.1003,422228.75,840257.534
2021-03-17,002624.SZ,19.96,20.15,19.71,20.05,19.96,0.09,0.4509,281158.59,560613.824
2021-03-18,002624.SZ,20.06,20.12,19.75,19.8,20.05,-0.25,-1.2469,237696.98,472468.063
2021-03-19,002624.SZ,19.6,19.74,19.14,19.27,19.8,-0.53,-2.6768,349875.4,678341.604
2021-03-22,002624.SZ,19.24,19.45,19.13,19.3,19.27,0.03,0.1557,253861.41,489115.126
2021-03-23,002624.SZ,19.35,19.53,19.05,19.36,19.3,0.06,0.3109,298028.22,574265.666
2021-03-24,002624.SZ,19.3,19.85,19.06,19.76,19.36,0.4,2.0661,328711.97,639673.096
2021-03-25,002624.SZ,19.5,19.75,19.38,19.48,19.76,-0.28,-1.417,213647.04,418129.42
2021-03-26,002624.SZ,19.57,19.67,19.22,19.55,19.48,0.07,0.3593,234605.15,456405.869
2021-03-29,002624.SZ,19.49,19.52,19.22,19.27,19.55,-0.28,-1.4322,197303.65,381451.443
2021-03-30,002624.SZ,19.27,19.77,19.23,19.59,19.27,0.32,1.6606,267809.82,522605.58
2021-03-31,002624.SZ,19.61,20.04,19.43,19.78,19.59,0.19,0.9699,252848.18,501063.344
2021-04-01,002624.SZ,19.82,20.06,19.51,20.06,19.78,0.28,1.4156,211911.0,419896.763
2021-04-02,002624.SZ,20.07,20.07,19.72,19.88,20.06,-0.18,-0.8973,191247.59,380013.396
2021-04-06,002624.SZ,19.95,20.59,19.8,20.52,19.88,0.64,3.2193,302269.21,615070.592
2021-04-07,002624.SZ,20.42,20.57,20.2,20.48,20.52,-0.04,-0.1949,190780.33,387993.303
2021-04-08,002624.SZ,20.49,21.13,20.22,20.8,20.48,0.32,1.5625,361777.68,748816.163
2021-04-09,002624.SZ,20.58,20.92,20.54,20.79,20.8,-0.01,-0.0481,204709.26,424243.579
2021-04-12,002624.SZ,20.87,20.87,19.88,19.95,20.79,-0.84,-4.0404,235608.25,475972.851
2021-04-13,002624.SZ,19.87,20.35,19.87,20.18,19.95,0.23,1.1529,171533.5,346131.727
2021-04-14,002624.SZ,20.34,21.53,20.34,21.22,20.18,1.04,5.1536,423540.61,893341.574
2021-04-15,002624.SZ,21.05,21.53,20.71,21.33,21.22,0.11,0.5184,305698.43,648106.375
2021-04-16,002624.SZ,21.35,21.98,21.35,21.48,21.33,0.15,0.7032,241564.27,523014.967
2021-04-19,002624.SZ,21.48,21.91,21.11,21.75,21.48,0.27,1.257,290986.21,630577.136
2021-04-20,002624.SZ,21.64,22.8,21.53,22.43,21.75,0.68,3.1264,428640.6,960984.05
2021-04-21,002624.SZ,22.37,22.66,21.83,22.18,22.43,-0.25,-1.1146,262957.8,583179.797
2021-04-22,002624.SZ,22.18,22.35,21.93,22.25,22.18,0.07,0.3156,173517.58,384216.455
2021-04-23,002624.SZ,22.25,22.5,21.73,21.86,22.25,-0.39,-1.7528,225076.81,494219.958
2021-04-26,002624.SZ,21.82,21.9,21.26,21.29,21.86,-0.57,-2.6075,271982.92,584844.571
2021-04-27,002624.SZ,21.31,22.1,20.95,21.1,21.29,-0.19,-0.8924,252562.53,540138.11
2021-04-28,002624.SZ,21.1,21.7,21.1,21.61,21.1,0.51,2.4171,255339.47,548769.98
2021-04-29,002624.SZ,21.68,21.92,21.34,21.75,21.61,0.14,0.6478,196990.15,427436.31
2021-04-30,002624.SZ,21.63,21.87,21.1,21.31,21.75,-0.44,-2.023,188197.44,402701.335
2021-05-06,002624.SZ,21.26,21.32,20.7,20.92,21.31,-0.39,-1.8301,187933.26,394431.808
2021-05-07,002624.SZ,21.0,21.09,20.37,20.4,20.92,-0.52,-2.4857,186204.96,384387.494
2021-05-10,002624.SZ,20.26,20.52,19.98,20.31,20.4,-0.09,-0.4412,173297.99,349384.732
2021-05-11,002624.SZ,20.12,20.58,19.92,20.5,20.31,0.19,0.9355,154113.13,312978.583
2021-05-12,002624.SZ,20.43,21.18,20.19,21.06,20.5,0.56,2.7317,200855.46,418098.684
2021-05-13,002624.SZ,20.8,21.2,20.68,20.87,21.06,-0.19,-0.9022,163305.49,341558.662
2021-05-14,002624.SZ,20.95,21.2,20.7,20.96,20.87,0.09,0.4312,176726.7,369484.188
2021-05-17,002624.SZ,20.85,21.71,20.77,21.45,20.96,0.49,2.3378,235216.31,503423.843
2021-05-18,002624.SZ,21.45,21.72,21.15,21.2,21.45,-0.25,-1.1655,171266.39,365177.981
2021-05-19,002624.SZ,21.07,21.26,20.68,21.17,21.2,-0.03,-0.1415,150841.18,317079.613
2021-05-20,002624.SZ,21.51,22.94,21.31,22.6,21.17,1.43,6.7548,539213.9,1193394.114
2021-05-21,002624.SZ,22.6,23.07,21.8,21.85,22.6,-0.75,-3.3186,419221.72,939975.659
2021-05-24,002624.SZ,21.62,22.33,21.48,22.07,21.85,0.22,1.0069,233289.26,514469.395
2021-05-25,002624.SZ,22.09,22.95,22.0,22.57,22.07,0.5,2.2655,331934.9,745302.91
2021-05-26,002624.SZ,22.52,22.56,21.9,21.98,22.41,-0.43,-1.9188,238194.44,526548.63
2021-05-27,002624.SZ,21.87,22.43,21.73,22.21,21.98,0.23,1.0464,255295.54,564711.288
2021-05-28,002624.SZ,22.22,22.38,21.39,21.5,22.21,-0.71,-3.1968,310101.17,672295.562
2021-05-31,002624.SZ,21.45,21.65,21.15,21.3,21.5,-0.2,-0.9302,231212.72,493238.007
2021-06-01,002624.SZ,21.17,21.35,20.81,21.11,21.3,-0.19,-0.892,265832.24,559112.872
2021-06-02,002624.SZ,21.0,21.07,20.45,20.6,21.11,-0.51,-2.4159,260621.44,539406.814
2021-06-03,002624.SZ,20.68,21.27,20.66,20.81,20.6,0.21,1.0194,245368.62,513722.565
2021-06-04,002624.SZ,20.82,21.04,20.68,20.94,20.81,0.13,0.6247,171175.24,357572.457
2021-06-07,002624.SZ,20.85,21.74,20.63,21.63,20.94,0.69,3.2951,386266.93,820492.818
2021-06-08,002624.SZ,21.6,22.2,21.44,22.08,21.63,0.45,2.0804,362298.31,792764.164
2021-06-09,002624.SZ,22.09,22.38,21.87,22.03,22.08,-0.05,-0.2264,293409.02,650266.026
2021-06-10,002624.SZ,22.0,22.43,21.82,21.93,22.03,-0.1,-0.4539,282707.13,624242.829
2021-06-11,002624.SZ,21.94,22.05,21.02,21.19,21.93,-0.74,-3.3744,325006.0,696803.073
2021-06-15,002624.SZ,21.19,21.56,20.93,21.21,21.19,0.02,0.0944,208524.48,442740.843
2021-06-16,002624.SZ,21.22,21.28,20.3,20.41,21.21,-0.8,-3.7718,244704.54,506996.838
2021-06-17,002624.SZ,20.51,20.65,19.91,20.12,20.41,-0.29,-1.4209,284467.8,572573.984
2021-06-18,002624.SZ,20.02,20.96,19.82,20.86,20.12,0.74,3.6779,277048.87,567859.196
2021-06-21,002624.SZ,20.81,22.95,20.71,22.95,20.86,2.09,10.0192,712793.35,1588791.366
2021-06-22,002624.SZ,23.75,24.13,22.68,23.08,22.95,0.13,0.5664,912465.81,2139927.612
2021-06-23,002624.SZ,23.08,24.91,22.56,24.4,23.08,1.32,5.7192,834822.78,2006103.447
2021-06-24,002624.SZ,24.4,24.62,23.64,23.82,24.4,-0.58,-2.377,406732.38,978054.665
2021-06-25,002624.SZ,24.2,24.29,22.92,23.19,23.82,-0.63,-2.6448,440424.94,1027108.763
2021-06-28,002624.SZ,23.84,25.48,23.84,24.98,23.19,1.79,7.7188,803060.42,2005133.978
2021-06-29,002624.SZ,25.35,25.45,23.9,23.95,24.98,-1.03,-4.1233,521051.55,1274425.791
2021-06-30,002624.SZ,23.94,24.32,23.5,23.91,23.95,-0.04,-0.167,290542.9,692284.072
2021-07-01,002624.SZ,23.88,24.08,23.3,23.4,23.91,-0.51,-2.133,239433.86,565268.884
2021-07-02,002624.SZ,23.61,24.14,23.21,23.55,23.4,0.15,0.641,408945.94,967884.056
2021-07-05,002624.SZ,23.4,24.28,22.92,23.18,23.55,-0.37,-1.5711,399128.8,940892.529
2021-07-06,002624.SZ,23.2,23.2,21.0,22.3,23.18,-0.88,-3.7964,479979.8,1061274.511
2021-07-07,002624.SZ,22.0,22.55,21.85,22.1,22.3,-0.2,-0.8969,247093.92,547325.938
2021-07-08,002624.SZ,21.99,22.0,21.21,21.21,22.1,-0.89,-4.0271,382190.91,819389.579
2021-07-09,002624.SZ,21.22,21.35,20.42,20.54,21.21,-0.67,-3.1589,474489.57,980372.692
2021-07-12,002624.SZ,18.54,19.21,18.49,18.8,20.54,-1.74,-8.4713,1376192.12,2566479.058
2021-07-13,002624.SZ,18.75,19.69,18.4,19.19,18.8,0.39,2.0745,666768.5,1281252.293
2021-07-14,002624.SZ,19.21,19.61,18.87,19.33,19.19,0.14,0.7295,378430.78,728102.955
2021-07-15,002624.SZ,19.37,20.0,18.95,19.91,19.33,0.58,3.0005,413307.91,803565.976
2021-07-16,002624.SZ,20.0,20.64,19.74,20.15,19.91,0.24,1.2054,495686.24,1001469.294
2021-07-19,002624.SZ,20.25,20.3,19.4,19.45,20.15,-0.7,-3.4739,334267.39,657778.019
2021-07-20,002624.SZ,19.19,19.75,19.15,19.75,19.45,0.3,1.5424,169926.09,332077.338
2021-07-21,002624.SZ,19.75,19.88,19.34,19.44,19.75,-0.31,-1.5696,216859.81,423802.094
2021-07-22,002624.SZ,19.37,19.55,19.08,19.46,19.44,0.02,0.1029,185858.54,359665.3
2021-07-23,002624.SZ,19.37,19.37,18.54,18.88,19.46,-0.58,-2.9805,344106.55,650068.704
2021-07-26,002624.SZ,18.69,18.69,17.01,17.04,18.88,-1.84,-9.7458,731962.46,1287395.344
2021-07-27,002624.SZ,16.99,17.26,15.77,15.9,17.04,-1.14,-6.6901,651656.05,1072475.969
2021-07-28,002624.SZ,15.98,16.16,15.07,15.34,15.9,-0.56,-3.522,523616.69,809907.03
2021-07-29,002624.SZ,15.78,16.11,15.66,15.97,15.34,0.63,4.1069,408600.65,650020.313
2021-07-30,002624.SZ,15.95,16.36,15.7,15.91,15.97,-0.06,-0.3757,332564.72,532112.219
2021-08-02,002624.SZ,15.85,16.42,15.5,16.26,15.91,0.35,2.1999,313055.99,503463.838
2021-08-03,002624.SZ,15.8,15.9,14.89,15.4,16.26,-0.86,-5.2891,865970.45,1334737.021
2021-08-04,002624.SZ,15.34,15.62,15.13,15.34,15.4,-0.06,-0.3896,473743.6,728218.806
2021-08-05,002624.SZ,15.1,15.25,14.3,14.91,15.34,-0.43,-2.8031,600419.25,892163.336
2021-08-06,002624.SZ,14.91,14.99,14.38,14.51,14.91,-0.4,-2.6828,393203.89,571641.25
2021-08-09,002624.SZ,14.53,14.83,14.2,14.8,14.51,0.29,1.9986,414302.05,603285.297
2021-08-10,002624.SZ,14.78,15.12,14.67,15.05,14.8,0.25,1.6892,365819.24,546643.197
2021-08-11,002624.SZ,14.93,15.44,14.88,14.94,15.05,-0.11,-0.7309,393229.99,594434.272
2021-08-12,002624.SZ,14.9,15.23,14.86,14.87,14.94,-0.07,-0.4685,265244.42,397757.837
2021-08-13,002624.SZ,14.8,14.93,14.55,14.62,14.87,-0.25,-1.6812,235821.98,346860.72
2021-08-16,002624.SZ,14.46,14.85,14.44,14.7,14.62,0.08,0.5472,235974.41,346474.691
2021-08-17,002624.SZ,14.6,15.03,14.39,14.66,14.7,-0.04,-0.2721,400830.48,590845.911
2021-08-18,002624.SZ,14.66,14.85,14.31,14.8,14.66,0.14,0.955,338154.56,492015.143
2021-08-19,002624.SZ,14.83,15.35,14.79,15.02,14.8,0.22,1.4865,365403.44,549806.699
2021-08-20,002624.SZ,15.0,15.0,14.4,14.56,15.02,-0.46,-3.0626,300673.85,438688.111
2021-08-23,002624.SZ,14.61,15.05,14.53,14.91,14.56,0.35,2.4038,243723.96,361343.096
2021-08-24,002624.SZ,14.98,15.05,14.71,14.85,14.91,-0.06,-0.4024,204067.85,303584.518
2021-08-25,002624.SZ,15.07,15.55,15.07,15.29,14.85,0.44,2.963,356254.8,545746.36
2021-08-26,002624.SZ,15.11,15.24,14.78,14.8,15.29,-0.49,-3.2047,255403.25,381903.077
2021-08-27,002624.SZ,14.68,14.8,14.47,14.52,14.8,-0.28,-1.8919,235219.54,343006.284
2021-08-30,002624.SZ,14.5,14.62,13.44,13.6,14.52,-0.92,-6.3361,576037.0,799980.819
2021-08-31,002624.SZ,13.03,13.99,13.01,13.42,13.6,-0.18,-1.3235,469374.95,632017.315
2021-09-01,002624.SZ,13.72,14.76,13.65,14.76,13.42,1.34,9.9851,514438.93,738336.048
2021-09-02,002624.SZ,15.2,15.6,14.8,15.18,14.76,0.42,2.8455,843364.93,1285341.341
2021-09-03,002624.SZ,14.98,15.35,14.7,15.2,15.18,0.02,0.1318,449112.82,676103.736
2021-09-06,002624.SZ,15.25,15.77,15.1,15.66,15.2,0.46,3.0263,463702.68,719247.012
2021-09-07,002624.SZ,15.6,16.65,15.4,16.35,15.66,0.69,4.4061,577721.09,933449.044
2021-09-08,002624.SZ,16.4,17.92,16.4,17.68,16.35,1.33,8.1346,1005825.33,1737871.969
2021-09-09,002624.SZ,16.96,17.25,16.51,16.6,17.68,-1.08,-6.1086,686624.31,1153384.179
2021-09-10,002624.SZ,16.48,16.6,15.85,15.95,16.6,-0.65,-3.9157,518172.7,834008.853
2021-09-13,002624.SZ,15.87,17.3,15.62,16.92,15.95,0.97,6.0815,637534.5,1060737.203
2021-09-14,002624.SZ,16.58,17.18,16.3,16.52,16.92,-0.4,-2.3641,470293.8,783965.884
2021-09-15,002624.SZ,16.59,16.9,16.21,16.57,16.52,0.05,0.3027,291757.73,482643.025
2021-09-16,002624.SZ,16.38,16.75,15.82,15.91,16.57,-0.66,-3.9831,369035.45,597362.884
2021-09-17,002624.SZ,15.85,15.88,15.2,15.65,15.91,-0.26,-1.6342,292844.63,455756.246
2021-09-22,002624.SZ,15.36,15.65,15.1,15.3,15.65,-0.35,-2.2364,203760.92,312917.044
2021-09-23,002624.SZ,15.38,16.16,15.38,15.76,15.3,0.46,3.0065,342331.33,542331.43
2021-09-24,002624.SZ,15.76,16.42,15.65,16.01,15.76,0.25,1.5863,296602.87,477860.125
2021-09-27,002624.SZ,16.03,16.1,15.33,15.46,16.01,-0.55,-3.4354,230108.22,357660.874
2021-09-28,002624.SZ,15.38,15.56,15.15,15.28,15.46,-0.18,-1.1643,175675.04,269447.804
2021-09-29,002624.SZ,15.18,15.18,14.56,14.63,15.28,-0.65,-4.2539,266174.71,392719.714
2021-09-30,002624.SZ,14.75,15.18,14.75,15.08,14.63,0.45,3.0759,165958.31,249553.287
2021-10-08,002624.SZ,15.28,15.45,15.0,15.06,15.08,-0.02,-0.1326,257112.31,389174.409
2021-10-11,002624.SZ,15.05,16.36,14.81,15.76,15.06,0.7,4.6481,476831.86,742133.971
2021-10-12,002624.SZ,15.5,15.62,14.66,14.86,15.76,-0.9,-5.7107,380832.82,575370.12
2021-10-13,002624.SZ,14.86,15.14,14.8,15.0,14.86,0.14,0.9421,154905.82,232209.44
2021-10-14,002624.SZ,14.82,15.04,14.69,14.84,15.0,-0.16,-1.0667,148115.97,220260.635
2021-10-15,002624.SZ,15.3,15.54,14.93,15.0,14.84,0.16,1.0782,280987.77,426360.545
2021-10-18,002624.SZ,14.73,14.88,14.44,14.5,15.0,-0.5,-3.3333,254444.88,370066.035
2021-10-19,002624.SZ,14.55,15.07,14.4,14.97,14.5,0.47,3.2414,271954.96,403077.592
2021-10-20,002624.SZ,14.93,15.55,14.73,15.38,14.97,0.41,2.7388,337720.16,513198.659
2021-10-21,002624.SZ,15.2,15.47,15.07,15.19,15.38,-0.19,-1.2354,182871.86,278570.35
2021-10-22,002624.SZ,15.21,15.56,15.11,15.37,15.19,0.18,1.185,253095.89,389398.527
2021-10-25,002624.SZ,15.39,15.53,15.08,15.46,15.37,0.09,0.5856,212350.72,326635.379
2021-10-26,002624.SZ,15.34,16.7,15.26,16.16,15.46,0.7,4.5278,493181.43,788404.943
2021-10-27,002624.SZ,15.95,16.55,15.91,16.46,16.16,0.3,1.8564,433043.22,707403.002
2021-10-28,002624.SZ,16.46,16.75,16.12,16.51,16.46,0.05,0.3038,339978.86,559106.703
2021-10-29,002624.SZ,16.71,17.77,16.51,17.38,16.51,0.87,5.2695,653525.32,1129388.959
2021-11-01,002624.SZ,17.46,18.1,17.37,17.42,17.38,0.04,0.2301,680810.86,1204974.217
2021-11-02,002624.SZ,17.34,17.69,16.75,16.95,17.42,-0.47,-2.698,552383.38,945584.676
2021-11-03,002624.SZ,16.9,17.64,16.82,17.15,16.95,0.2,1.1799,403296.64,697049.599
2021-11-04,002624.SZ,17.1,17.9,17.03,17.85,17.15,0.7,4.0816,474934.58,838983.785
2021-11-05,002624.SZ,17.85,19.37,17.66,18.59,17.85,0.74,4.1457,1160896.78,2169367.472
2021-11-08,002624.SZ,18.88,19.28,18.3,18.98,18.59,0.39,2.0979,852900.82,1614239.364
2021-11-09,002624.SZ,18.69,18.99,18.3,18.36,18.98,-0.62,-3.2666,544112.69,1008499.513
2021-11-10,002624.SZ,18.7,19.44,18.53,18.93,18.36,0.57,3.1046,641547.26,1216908.958
2021-11-11,002624.SZ,18.8,19.35,18.17,18.96,18.93,0.03,0.1585,598922.74,1123760.742
2021-11-12,002624.SZ,18.8,19.8,18.61,19.5,18.96,0.54,2.8481,613437.91,1192709.054
2021-11-15,002624.SZ,19.5,20.89,18.9,20.48,19.5,0.98,5.0256,810136.98,1619755.174
2021-11-16,002624.SZ,20.14,21.69,20.04,21.28,20.48,0.8,3.9063,767091.73,1604823.777
2021-11-17,002624.SZ,20.9,21.68,20.62,20.84,21.28,-0.44,-2.0677,720048.55,1518635.806
2021-11-18,002624.SZ,21.0,21.0,19.05,19.45,20.84,-1.39,-6.6699,906755.07,1788380.92
2021-11-19,002624.SZ,19.21,20.25,19.16,19.83,19.45,0.38,1.9537,624466.7,1242015.589
2021-11-22,002624.SZ,19.65,20.33,19.48,19.74,19.83,-0.09,-0.4539,458230.34,910119.121
2021-11-23,002624.SZ,19.6,20.1,19.15,19.95,19.74,0.21,1.0638,471660.53,926338.702
2021-11-24,002624.SZ,19.87,20.24,19.76,19.96,19.95,0.01,0.0501,359477.71,718485.092
2021-11-25,002624.SZ,20.21,20.95,19.75,19.76,19.96,-0.2,-1.002,487858.39,989876.526
2021-11-26,002624.SZ,19.69,20.52,19.61,19.87,19.76,0.11,0.5567,343907.68,687724.961
2021-11-29,002624.SZ,19.55,20.12,19.46,19.69,19.87,-0.18,-0.9059,281622.1,556731.66
2021-11-30,002624.SZ,19.58,20.0,18.4,18.84,19.69,-0.85,-4.3169,625314.89,1186219.752
2021-12-01,002624.SZ,18.57,18.96,18.56,18.92,18.84,0.08,0.4246,259061.63,487107.661
2021-12-02,002624.SZ,18.75,18.95,18.45,18.58,18.92,-0.34,-1.797,199148.73,371315.049
2021-12-03,002624.SZ,18.7,19.47,18.6,19.23,18.58,0.65,3.4984,313577.14,596627.772
2021-12-06,002624.SZ,19.11,19.38,18.77,19.31,19.23,0.08,0.416,280676.83,536067.723
2021-12-07,002624.SZ,19.2,19.21,18.75,19.03,19.31,-0.28,-1.45,274373.48,520382.209
2021-12-08,002624.SZ,19.1,20.93,18.72,20.93,19.03,1.9,9.9842,717952.81,1446565.0
2021-12-09,002624.SZ,21.37,21.64,20.68,20.83,20.93,-0.1,-0.4778,777420.49,1642789.992
2021-12-10,002624.SZ,20.7,21.43,20.53,21.05,20.83,0.22,1.0562,547695.3,1152687.548
2021-12-13,002624.SZ,21.23,22.22,21.08,21.95,21.05,0.9,4.2755,746852.36,1620907.098
2021-12-14,002624.SZ,21.89,23.06,21.48,22.38,21.95,0.43,1.959,763806.41,1716022.997
2021-12-15,002624.SZ,22.5,23.67,21.72,21.76,22.38,-0.62,-2.7703,756138.57,1688358.15
2021-12-16,002624.SZ,22.2,22.48,21.18,21.85,21.76,0.09,0.4136,661345.09,1449106.592
2021-12-17,002624.SZ,21.84,22.25,21.14,21.53,21.85,-0.32,-1.4645,487253.66,1050983.803
2021-12-20,002624.SZ,21.2,21.5,19.45,19.5,21.53,-2.03,-9.4287,750163.18,1518830.616
2021-12-21,002624.SZ,19.45,20.07,19.34,19.55,19.5,0.05,0.2564,503773.16,988925.43
2021-12-22,002624.SZ,20.0,20.7,19.63,20.31,19.55,0.76,3.8875,598750.91,1213311.994
2021-12-23,002624.SZ,20.18,20.94,20.0,20.35,20.31,0.04,0.1969,414474.69,848515.579
2021-12-24,002624.SZ,20.35,21.2,20.2,20.82,20.35,0.47,2.3096,471147.08,982009.479
2021-12-27,002624.SZ,20.12,20.48,19.34,19.43,20.82,-1.39,-6.6763,678644.23,1335690.399
2021-12-28,002624.SZ,19.63,20.22,19.25,19.47,19.43,0.04,0.2059,546926.27,1076700.292
2021-12-29,002624.SZ,19.48,19.56,18.96,19.16,19.47,-0.31,-1.5922,363731.81,698359.335
2021-12-30,002624.SZ,19.1,20.6,19.08,20.26,19.16,1.1,5.7411,607284.74,1216214.642
2021-12-31,002624.SZ,20.5,20.55,19.92,20.31,20.26,0.05,0.2468,454173.1,914538.502
2022-01-04,002624.SZ,20.3,20.9,20.19,20.66,20.31,0.35,1.7233,623072.68,1282509.828
2022-01-05,002624.SZ,20.55,21.2,20.0,20.49,20.66,-0.17,-0.8228,652556.87,1344949.078
2022-01-06,002624.SZ,20.0,20.07,19.34,19.74,20.49,-0.75,-3.6603,519088.25,1020038.03
2022-01-07,002624.SZ,19.73,20.41,18.99,19.18,19.74,-0.56,-2.8369,625506.29,1232321.888
2022-01-10,002624.SZ,18.9,19.1,17.9,18.45,19.18,-0.73,-3.806,644220.35,1185742.058
2022-01-11,002624.SZ,18.47,18.5,17.7,17.91,18.45,-0.54,-2.9268,585693.71,1054724.175
2022-01-12,002624.SZ,17.95,18.06,17.56,17.96,17.91,0.05,0.2792,434287.79,776099.398
2022-01-13,002624.SZ,17.93,18.03,17.2,17.32,17.96,-0.64,-3.5635,440103.54,770754.855
2022-01-14,002624.SZ,17.0,17.52,16.91,17.22,17.32,-0.1,-0.5774,455228.31,785193.631
2022-01-17,002624.SZ,17.23,17.53,17.1,17.4,17.22,0.18,1.0453,374501.25,650550.018
2022-01-18,002624.SZ,17.43,17.43,16.77,16.92,17.4,-0.48,-2.7586,430421.67,733090.726
2022-01-19,002624.SZ,17.87,18.0,16.94,17.16,16.92,0.24,1.4184,788463.17,1365090.364
2022-01-20,002624.SZ,16.91,17.07,16.38,16.86,17.16,-0.3,-1.7483,456766.78,768865.14
2022-01-21,002624.SZ,16.79,17.0,16.2,16.26,16.86,-0.6,-3.5587,398921.82,656497.907
2022-01-24,002624.SZ,14.63,14.82,14.63,14.63,16.26,-1.63,-10.0246,392256.82,574198.619
2022-01-25,002624.SZ,14.62,14.63,13.8,13.87,14.63,-0.76,-5.1948,1082558.17,1521567.85
2022-01-26,002624.SZ,14.0,14.25,13.6,13.66,13.87,-0.21,-1.5141,607578.46,840466.937
2022-01-27,002624.SZ,13.69,13.7,13.2,13.25,13.66,-0.41,-3.0015,445582.36,596665.454
2022-01-28,002624.SZ,13.42,13.82,13.23,13.61,13.25,0.36,2.717,507821.7,688015.76
2022-02-07,002624.SZ,13.88,13.88,13.47,13.76,13.61,0.15,1.1021,421913.15,577973.217
2022-02-08,002624.SZ,13.73,13.9,13.55,13.84,13.76,0.08,0.5814,338201.03,464312.341
2022-02-09,002624.SZ,13.76,14.17,13.71,14.12,13.84,0.28,2.0231,420061.53,589454.312
2022-02-10,002624.SZ,14.11,14.27,13.93,14.2,14.12,0.08,0.5666,318040.04,449228.105
2022-02-11,002624.SZ,14.04,14.14,13.72,13.76,14.2,-0.44,-3.0986,364164.24,505496.676
2022-02-14,002624.SZ,13.69,13.95,13.58,13.78,13.76,0.02,0.1453,267838.84,369802.391
2022-02-15,002624.SZ,13.78,14.05,13.72,13.82,13.78,0.04,0.2903,241689.0,334533.022
2022-02-16,002624.SZ,13.93,14.08,13.81,13.94,13.82,0.12,0.8683,275500.29,383698.105
2022-02-17,002624.SZ,13.88,14.13,13.71,13.97,13.94,0.03,0.2152,287351.37,401826.874
2022-02-18,002624.SZ,13.84,14.23,13.79,14.02,13.97,0.05,0.3579,247137.61,346793.106
2022-02-21,002624.SZ,13.97,14.24,13.93,14.08,14.02,0.06,0.428,327380.16,462143.888
2022-02-22,002624.SZ,13.9,13.92,13.18,13.49,14.08,-0.59,-4.1903,585129.15,786180.097
2022-02-23,002624.SZ,13.5,13.93,13.49,13.73,13.49,0.24,1.7791,413039.2,567862.149
2022-02-24,002624.SZ,13.62,13.75,12.94,13.18,13.73,-0.55,-4.0058,571822.99,759575.783
2022-02-25,002624.SZ,13.29,13.55,13.24,13.32,13.18,0.14,1.0622,316990.81,424497.285
2022-02-28,002624.SZ,13.35,13.37,12.95,13.2,13.32,-0.12,-0.9009,293763.47,384869.566
2022-03-01,002624.SZ,13.21,13.33,13.09,13.2,13.2,0.0,0.0,222586.74,293269.944
2022-03-02,002624.SZ,13.13,13.2,13.03,13.15,13.2,-0.05,-0.3788,182240.1,239121.501
2022-03-03,002624.SZ,13.2,13.23,13.05,13.09,13.15,-0.06,-0.4563,217350.33,285155.182
2022-03-04,002624.SZ,12.98,13.3,12.72,13.15,13.09,0.06,0.4584,431695.33,563120.573
2022-03-07,002624.SZ,13.05,13.08,12.5,12.59,13.15,-0.56,-4.2586,418683.22,531690.318
2022-03-08,002624.SZ,12.51,12.71,12.04,12.18,12.59,-0.41,-3.2566,316213.85,389215.832
2022-03-09,002624.SZ,12.18,12.28,11.27,11.9,12.18,-0.28,-2.2989,387298.7,458093.322
2022-03-10,002624.SZ,12.16,12.26,11.94,11.95,11.9,0.05,0.4202,308811.0,373373.683
2022-03-11,002624.SZ,11.67,12.44,11.6,12.36,11.95,0.41,3.431,377778.59,456544.207
2022-03-14,002624.SZ,12.27,12.48,12.13,12.13,12.36,-0.23,-1.8608,235537.73,289091.444
2022-03-15,002624.SZ,12.03,12.13,11.39,11.39,12.13,-0.74,-6.1006,323538.23,381562.12
2022-03-16,002624.SZ,11.57,11.88,11.05,11.73,11.39,0.34,2.9851,405910.95,465581.72
2022-03-17,002624.SZ,12.02,12.9,12.0,12.9,11.73,1.17,9.9744,403125.8,512108.288
2022-03-18,002624.SZ,12.77,13.05,12.55,12.72,12.9,-0.18,-1.3953,573371.67,730340.155
2022-03-21,002624.SZ,12.99,13.51,12.83,13.0,12.72,0.28,2.2013,571569.6,748695.88
2022-03-22,002624.SZ,12.9,13.36,12.81,13.25,13.0,0.25,1.9231,423744.23,554973.907
2022-03-23,002624.SZ,13.3,13.73,13.14,13.51,13.25,0.26,1.9623,668078.09,901879.966
2022-03-24,002624.SZ,13.31,13.37,12.94,12.99,13.51,-0.52,-3.849,400618.43,524297.632
2022-03-25,002624.SZ,13.03,13.2,12.78,12.8,12.99,-0.19,-1.4627,350729.59,454237.424
2022-03-28,002624.SZ,12.75,13.1,12.71,12.98,12.8,0.18,1.4063,337907.88,438336.111
2022-03-29,002624.SZ,13.0,13.07,12.68,12.78,12.98,-0.2,-1.5408,311436.71,399362.473
2022-03-30,002624.SZ,12.78,13.27,12.74,13.02,12.78,0.24,1.8779,349153.07,453749.667
2022-03-31,002624.SZ,12.88,13.12,12.79,12.86,13.02,-0.16,-1.2289,253531.94,328186.326
2022-04-01,002624.SZ,12.7,13.46,12.51,13.33,12.86,0.47,3.6547,614664.23,808779.886
2022-04-06,002624.SZ,13.3,13.99,13.14,13.26,13.33,-0.07,-0.5251,414287.96,554315.4
2022-04-07,002624.SZ,13.14,13.66,12.88,12.89,13.26,-0.37,-2.7903,374608.76,495415.658
2022-04-08,002624.SZ,12.89,12.93,12.3,12.53,12.89,-0.36,-2.7929,330175.22,413399.446
2022-04-11,002624.SZ,12.39,12.83,12.05,12.37,12.53,-0.16,-1.2769,345547.72,426715.996
2022-04-12,002624.SZ,13.0,13.18,12.17,12.39,12.37,0.02,0.1617,701278.22,882812.676
2022-04-13,002624.SZ,12.01,12.18,11.63,11.66,12.39,-0.73,-5.8918,506553.3,601062.402
2022-04-14,002624.SZ,11.63,12.14,11.62,11.88,11.66,0.22,1.8868,327083.57,389428.651
2022-04-15,002624.SZ,12.3,12.95,12.15,12.72,11.88,0.84,7.0707,740746.39,931742.858
2022-04-18,002624.SZ,12.67,12.67,12.15,12.31,12.72,-0.41,-3.2233,417652.26,515391.637
2022-04-19,002624.SZ,12.22,12.53,12.2,12.36,12.31,0.05,0.4062,291714.68,359751.618
2022-04-20,002624.SZ,12.35,13.52,12.3,13.18,12.36,0.82,6.6343,849344.33,1105671.34
2022-04-21,002624.SZ,13.01,13.54,12.92,13.06,13.18,-0.12,-0.9105,735556.64,974353.706
2022-04-22,002624.SZ,12.9,13.18,12.45,13.14,13.06,0.08,0.6126,530678.86,680990.547
2022-04-25,002624.SZ,12.8,13.13,11.94,11.95,13.14,-1.19,-9.0563,541929.99,678444.183
2022-04-26,002624.SZ,12.4,13.15,12.26,13.15,11.95,1.2,10.0418,939098.67,1217279.14
2022-04-27,002624.SZ,13.5,13.94,12.92,13.87,13.15,0.72,5.4753,1443367.81,1936728.342
2022-04-28,002624.SZ,13.7,14.65,13.52,14.59,13.87,0.72,5.1911,1452811.32,2047742.692
2022-04-29,002624.SZ,14.32,15.8,14.1,14.77,14.59,0.18,1.2337,1408645.28,2081636.434
2022-05-05,002624.SZ,14.48,15.02,14.39,14.82,14.77,0.05,0.3385,1008741.6,1486503.929
2022-05-06,002624.SZ,14.3,14.4,13.85,13.86,14.82,-0.96,-6.4777,866955.84,1218689.324
2022-05-09,002624.SZ,13.9,14.26,13.81,14.1,13.86,0.24,1.7316,630984.65,885113.804
2022-05-10,002624.SZ,13.75,14.3,13.61,14.26,14.1,0.16,1.1348,706657.24,992145.56
2022-05-11,002624.SZ,14.26,14.65,13.95,13.99,14.26,-0.27,-1.8934,916488.81,1314251.154
2022-05-12,002624.SZ,13.73,14.15,13.71,14.1,13.99,0.11,0.7863,556790.21,775424.836
2022-05-13,002624.SZ,14.16,14.29,13.93,14.08,14.1,-0.02,-0.1418,481905.98,678650.803
2022-05-16,002624.SZ,14.08,14.92,13.97,14.92,14.08,0.84,5.9659,962507.65,1390321.701
2022-05-17,002624.SZ,14.7,14.88,14.45,14.82,14.92,-0.1,-0.6702,669711.69,984267.731
2022-05-18,002624.SZ,14.88,15.25,14.2,14.2,14.82,-0.62,-4.1835,812217.58,1180947.311
2022-05-19,002624.SZ,13.93,14.47,13.92,14.4,14.2,0.2,1.4085,529240.46,754940.174
2022-05-20,002624.SZ,14.42,14.69,14.31,14.55,14.4,0.15,1.0417,528264.44,765797.621
2022-05-23,002624.SZ,14.65,14.88,14.39,14.58,14.55,0.03,0.2062,500943.38,731064.818
2022-05-24,002624.SZ,14.49,14.52,14.06,14.07,14.58,-0.51,-3.4979,475442.14,678135.957
2022-05-25,002624.SZ,13.98,14.59,13.86,14.54,14.07,0.47,3.3404,529496.27,756094.811
2022-05-26,002624.SZ,13.58,13.58,13.08,13.32,13.36,-0.04,-0.2994,586664.1,780291.94
2022-05-27,002624.SZ,13.32,13.44,12.92,12.96,13.32,-0.36,-2.7027,441321.43,581040.86
2022-05-30,002624.SZ,12.99,13.14,12.66,13.1,12.96,0.14,1.0802,386428.39,500172.719
2022-05-31,002624.SZ,13.0,13.78,12.92,13.59,13.1,0.49,3.7405,763296.79,1030607.297
2022-06-01,002624.SZ,13.44,13.65,13.26,13.39,13.59,-0.2,-1.4717,473239.29,635766.317
2022-06-02,002624.SZ,13.29,13.75,13.07,13.65,13.39,0.26,1.9417,563610.13,755460.269
2022-06-06,002624.SZ,13.63,13.91,13.51,13.82,13.65,0.17,1.2454,583556.06,802160.883
2022-06-07,002624.SZ,13.85,14.13,13.61,13.91,13.82,0.09,0.6512,627088.02,869641.238
2022-06-08,002624.SZ,14.46,14.55,13.54,13.66,13.91,-0.25,-1.7973,1056193.23,1476982.185
2022-06-09,002624.SZ,13.55,14.35,13.54,14.06,13.66,0.4,2.9283,943668.81,1319914.266
2022-06-10,002624.SZ,13.85,14.2,13.71,14.2,14.06,0.14,0.9957,786019.67,1102216.489
2022-06-13,002624.SZ,14.05,14.14,13.53,13.82,14.2,-0.38,-2.6761,665647.02,917988.324
2022-06-14,002624.SZ,13.53,13.59,13.0,13.32,13.82,-0.5,-3.6179,754192.76,999327.245
2022-06-15,002624.SZ,13.23,13.69,13.17,13.36,13.32,0.04,0.3003,610876.47,821527.283
2022-06-16,002624.SZ,13.43,14.7,13.37,14.7,13.36,1.34,10.0299,1727715.01,2495868.745
2022-06-17,002624.SZ,14.86,14.94,13.91,14.25,14.7,-0.45,-3.0612,1668718.15,2391457.611
2022-06-20,002624.SZ,14.26,14.54,14.14,14.4,14.25,0.15,1.0526,895300.34,1286643.571
2022-06-21,002624.SZ,14.39,14.5,14.08,14.26,14.4,-0.14,-0.9722,792376.57,1131260.128
2022-06-22,002624.SZ,14.3,14.33,13.7,13.7,14.26,-0.56,-3.9271,712638.5,992900.515
2022-06-23,002624.SZ,13.7,14.06,13.44,14.05,13.7,0.35,2.5547,622723.73,857084.003
2022-06-24,002624.SZ,13.95,14.08,13.83,13.96,14.05,-0.09,-0.6406,475336.88,663358.126
2022-06-27,002624.SZ,14.03,14.33,13.95,14.08,13.96,0.12,0.8596,578962.96,818868.58
2022-06-28,002624.SZ,13.8,14.13,13.74,14.13,14.08,0.05,0.3551,528120.09,737512.227
2022-06-29,002624.SZ,14.03,14.37,14.0,14.08,14.13,-0.05,-0.3539,643169.31,913808.296
2022-06-30,002624.SZ,14.09,14.55,14.08,14.37,14.08,0.29,2.0597,731336.17,1051052.732
2022-07-01,002624.SZ,14.4,14.4,14.0,14.12,14.37,-0.25,-1.7397,452045.82,639607.321
2022-07-04,002624.SZ,14.0,14.3,13.82,14.29,14.12,0.17,1.204,443328.54,625784.48
2022-07-05,002624.SZ,14.28,14.33,13.6,13.81,14.29,-0.48,-3.359,663385.97,922367.67
2022-07-06,002624.SZ,13.8,14.12,13.63,13.85,13.81,0.04,0.2896,430716.22,597596.397
2022-07-07,002624.SZ,13.72,13.8,13.44,13.53,13.85,-0.32,-2.3105,379273.11,514637.175
2022-07-08,002624.SZ,13.53,13.84,13.48,13.54,13.53,0.01,0.0739,374185.32,510767.084
2022-07-11,002624.SZ,13.43,13.47,13.18,13.23,13.54,-0.31,-2.2895,324447.0,430937.828
2022-07-12,002624.SZ,13.43,13.52,13.25,13.35,13.23,0.12,0.907,285145.03,381547.458
2022-07-13,002624.SZ,13.41,13.8,13.34,13.5,13.35,0.15,1.1236,408879.15,554949.788
2022-07-14,002624.SZ,13.28,13.54,13.13,13.54,13.5,0.04,0.2963,318724.84,426128.05
2022-07-15,002624.SZ,13.69,13.99,13.56,13.61,13.54,0.07,0.517,601098.68,827076.158
2022-07-18,002624.SZ,13.71,14.49,13.67,14.28,13.61,0.67,4.9229,707494.86,995018.621
2022-07-19,002624.SZ,14.26,14.42,14.17,14.35,14.28,0.07,0.4902,604448.11,864396.728
2022-07-20,002624.SZ,14.48,14.63,14.26,14.41,14.35,0.06,0.4181,607178.04,876625.478
2022-07-21,002624.SZ,14.48,15.1,14.35,14.96,14.41,0.55,3.8168,1214977.57,1796362.758
2022-07-22,002624.SZ,14.9,14.9,14.26,14.35,14.96,-0.61,-4.0775,831233.68,1208661.4
2022-07-25,002624.SZ,14.3,14.75,14.18,14.22,14.35,-0.13,-0.9059,434687.58,624335.672
2022-07-26,002624.SZ,14.26,14.78,14.26,14.74,14.22,0.52,3.6568,630804.91,921450.388
2022-07-27,002624.SZ,14.7,14.99,14.6,14.92,14.74,0.18,1.2212,550494.56,815079.843
2022-07-28,002624.SZ,14.92,15.13,14.76,14.77,14.92,-0.15,-1.0054,574551.58,857466.498
2022-07-29,002624.SZ,14.92,15.38,14.66,14.89,14.77,0.12,0.8125,655990.68,987395.784
2022-08-01,002624.SZ,14.71,15.18,14.51,15.08,14.89,0.19,1.276,555707.85,830826.31
2022-08-02,002624.SZ,14.85,14.86,14.13,14.44,15.08,-0.64,-4.244,690291.66,1002854.844
2022-08-03,002624.SZ,14.62,14.87,13.96,14.05,14.44,-0.39,-2.7008,657892.73,946979.347
2022-08-04,002624.SZ,14.18,14.36,13.97,14.35,14.05,0.3,2.1352,417919.61,592692.081
2022-08-05,002624.SZ,14.36,15.28,14.32,15.07,14.35,0.72,5.0174,787705.66,1175538.378
2022-08-08,002624.SZ,15.0,15.11,14.87,14.99,15.07,-0.08,-0.5309,404965.96,605890.699
2022-08-09,002624.SZ,14.99,15.01,14.74,14.98,14.99,-0.01,-0.0667,371271.29,552141.75
2022-08-10,002624.SZ,14.92,15.08,14.68,14.8,14.98,-0.18,-1.2016,396177.31,587372.812
2022-08-11,002624.SZ,14.91,15.28,14.8,15.27,14.8,0.47,3.1757,662638.76,999575.696
2022-08-12,002624.SZ,15.32,16.28,15.07,15.94,15.27,0.67,4.3877,1058723.73,1663021.905
2022-08-15,002624.SZ,16.04,16.15,15.4,15.44,15.94,-0.5,-3.1368,960158.04,1498737.038
2022-08-16,002624.SZ,15.48,15.49,15.04,15.2,15.44,-0.24,-1.5544,615283.79,934094.098
2022-08-17,002624.SZ,15.24,15.77,15.13,15.75,15.2,0.55,3.6184,748593.15,1158544.379
2022-08-18,002624.SZ,15.48,15.48,14.96,15.13,15.75,-0.62,-3.9365,765237.76,1159987.296
2022-08-19,002624.SZ,15.01,15.47,14.93,14.94,15.13,-0.19,-1.2558,589743.92,895919.094
2022-08-22,002624.SZ,14.88,15.22,14.52,15.16,14.94,0.22,1.4726,445951.09,669596.349
2022-08-23,002624.SZ,15.02,15.15,14.83,14.97,15.16,-0.19,-1.2533,371150.2,554037.786
2022-08-24,002624.SZ,14.97,15.65,14.96,15.0,14.97,0.03,0.2004,855239.01,1312486.265
2022-08-25,002624.SZ,15.11,15.39,14.42,15.3,15.0,0.3,2.0,754591.24,1127697.695
2022-08-26,002624.SZ,15.18,15.68,15.05,15.48,15.3,0.18,1.1765,678305.03,1048086.404
2022-08-29,002624.SZ,15.2,15.4,15.01,15.29,15.48,-0.19,-1.2274,400178.27,607944.451
2022-08-30,002624.SZ,15.21,15.64,15.16,15.33,15.29,0.04,0.2616,425918.99,655326.609
2022-08-31,002624.SZ,15.2,15.66,14.76,14.8,15.33,-0.53,-3.4573,615054.43,935263.579
2022-09-01,002624.SZ,14.76,14.92,14.5,14.53,14.8,-0.27,-1.8243,416771.19,612407.514
2022-09-02,002624.SZ,14.45,14.87,14.39,14.76,14.53,0.23,1.5829,361046.91,531380.641
2022-09-05,002624.SZ,14.75,14.75,14.0,14.19,14.76,-0.57,-3.8618,546188.22,782194.269
2022-09-06,002624.SZ,14.19,14.29,13.9,14.28,14.19,0.09,0.6342,351225.26,494403.06
2022-09-07,002624.SZ,14.18,14.18,13.95,14.04,14.28,-0.24,-1.6807,310755.45,436310.088
2022-09-08,002624.SZ,14.13,14.2,13.79,13.83,14.04,-0.21,-1.4957,318731.55,446303.519
2022-09-09,002624.SZ,13.82,14.06,13.67,14.04,13.83,0.21,1.5184,249260.0,347598.627
2022-09-13,002624.SZ,14.04,14.25,14.02,14.13,14.04,0.09,0.641,228248.99,322595.336
2022-09-14,002624.SZ,13.82,14.16,13.8,14.08,14.13,-0.05,-0.3539,184678.68,258861.618
2022-09-15,002624.SZ,14.15,14.19,13.72,13.99,14.08,-0.09,-0.6392,232548.7,325148.044
2022-09-16,002624.SZ,13.93,14.14,13.66,13.68,13.99,-0.31,-2.2159,228893.7,318283.673
2022-09-19,002624.SZ,13.55,13.66,13.08,13.23,13.68,-0.45,-3.2895,295677.5,392842.856
2022-09-20,002624.SZ,13.33,13.41,13.17,13.25,13.23,0.02,0.1512,165487.68,219496.887
2022-09-21,002624.SZ,13.18,13.33,12.9,13.3,13.25,0.05,0.3774,236215.01,310920.164
2022-09-22,002624.SZ,13.19,13.33,13.07,13.08,13.3,-0.22,-1.6541,148080.84,195304.641
2022-09-23,002624.SZ,13.0,13.14,12.46,12.58,13.08,-0.5,-3.8226,309991.63,394820.298
2022-09-26,002624.SZ,12.45,12.78,12.38,12.56,12.58,-0.02,-0.159,209857.62,264700.207
2022-09-27,002624.SZ,12.66,12.93,12.59,12.93,12.56,0.37,2.9459,206335.89,263421.339
2022-09-28,002624.SZ,12.85,12.87,12.63,12.63,12.93,-0.3,-2.3202,148755.64,189468.554
2022-09-29,002624.SZ,12.75,12.88,12.42,12.47,12.63,-0.16,-1.2668,164688.92,207883.912
2022-09-30,002624.SZ,12.47,12.59,12.39,12.42,12.47,-0.05,-0.401,140045.49,174895.929
2022-10-10,002624.SZ,12.46,12.52,12.22,12.31,12.42,-0.11,-0.8857,157349.13,194964.758
2022-10-11,002624.SZ,12.3,12.34,11.81,12.24,12.31,-0.07,-0.5686,221167.68,266671.353
2022-10-12,002624.SZ,12.24,12.67,12.12,12.67,12.24,0.43,3.5131,212721.81,263835.54
2022-10-13,002624.SZ,11.98,12.49,11.75,12.31,12.67,-0.36,-2.8414,410021.99,499086.376
2022-10-14,002624.SZ,12.42,12.69,12.39,12.6,12.31,0.29,2.3558,312322.05,391796.535
2022-10-17,002624.SZ,12.5,12.84,12.47,12.77,12.6,0.17,1.3492,246523.47,313646.526
2022-10-18,002624.SZ,12.8,12.84,12.58,12.7,12.77,-0.07,-0.5482,225624.17,285934.827
2022-10-19,002624.SZ,12.62,12.74,12.48,12.53,12.7,-0.17,-1.3386,179886.9,226569.23
2022-10-20,002624.SZ,12.59,12.84,12.39,12.67,12.53,0.14,1.1173,241713.25,305263.558
2022-10-21,002624.SZ,12.68,12.71,12.21,12.27,12.67,-0.4,-3.1571,280770.95,347541.153
2022-10-24,002624.SZ,12.28,12.48,11.76,11.87,12.27,-0.4,-3.26,314289.59,380038.765
2022-10-25,002624.SZ,11.8,11.88,11.35,11.46,11.87,-0.41,-3.4541,306607.29,353942.567
2022-10-26,002624.SZ,11.56,11.85,11.51,11.67,11.46,0.21,1.8325,282849.9,330356.986
2022-10-27,002624.SZ,11.72,11.95,11.7,11.76,11.67,0.09,0.7712,297153.07,351665.964
2022-10-28,002624.SZ,11.65,11.68,11.1,11.14,11.76,-0.62,-5.2721,345991.27,392877.537
2022-10-31,002624.SZ,11.05,11.47,11.0,11.39,11.14,0.25,2.2442,247522.15,279868.189
2022-11-01,002624.SZ,11.48,11.78,11.3,11.77,11.39,0.38,3.3363,287878.43,333811.367
2022-11-02,002624.SZ,12.1,12.21,11.9,12.0,11.77,0.23,1.9541,487564.13,588607.406
2022-11-03,002624.SZ,11.81,11.89,11.66,11.77,12.0,-0.23,-1.9167,305773.64,359998.043
2022-11-04,002624.SZ,11.76,12.13,11.72,12.07,11.77,0.3,2.5489,310526.38,371601.41
2022-11-07,002624.SZ,12.01,12.34,11.95,12.24,12.07,0.17,1.4085,327997.42,398573.587
2022-11-08,002624.SZ,12.23,12.24,12.07,12.16,12.24,-0.08,-0.6536,197917.8,240006.716
2022-11-09,002624.SZ,12.11,12.25,12.05,12.05,12.16,-0.11,-0.9046,160447.87,194459.139
2022-11-10,002624.SZ,11.95,12.3,11.92,12.22,12.05,0.17,1.4108,289350.97,352650.304
2022-11-11,002624.SZ,12.49,12.58,12.22,12.28,12.22,0.06,0.491,416176.07,515071.117
2022-11-14,002624.SZ,12.37,12.63,12.28,12.39,12.28,0.11,0.8958,331662.4,412511.769
2022-11-15,002624.SZ,12.37,12.6,12.25,12.6,12.39,0.21,1.6949,304083.91,379795.864
2022-11-16,002624.SZ,12.6,12.95,12.6,12.66,12.6,0.06,0.4762,385507.75,492332.748
2022-11-17,002624.SZ,13.56,13.93,12.85,13.93,12.66,1.27,10.0316,1699723.04,2277005.336
2022-11-18,002624.SZ,13.93,14.93,13.78,14.09,13.93,0.16,1.1486,1828876.93,2630721.942
2022-11-21,002624.SZ,13.9,14.17,13.45,13.59,14.09,-0.5,-3.5486,877147.31,1196766.443
2022-11-22,002624.SZ,13.46,13.8,13.31,13.41,13.59,-0.18,-1.3245,593070.51,802957.898
2022-11-23,002624.SZ,13.51,13.94,13.13,13.82,13.41,0.41,3.0574,776930.86,1051489.069
2022-11-24,002624.SZ,13.7,13.73,13.45,13.53,13.82,-0.29,-2.0984,382354.69,518485.689
2022-11-25,002624.SZ,13.44,13.99,13.44,13.88,13.53,0.35,2.5868,558178.18,769035.278
2022-11-28,002624.SZ,13.59,13.69,13.25,13.41,13.88,-0.47,-3.3862,456222.7,612634.922
2022-11-29,002624.SZ,13.35,13.68,13.27,13.56,13.41,0.15,1.1186,464877.48,626781.804
2022-11-30,002624.SZ,13.51,13.91,13.48,13.59,13.56,0.03,0.2212,440840.16,604180.701
2022-12-01,002624.SZ,13.86,13.97,13.67,13.73,13.59,0.14,1.0302,466582.98,644260.501
2022-12-02,002624.SZ,13.7,13.99,13.7,13.74,13.73,0.01,0.0728,278287.55,384632.803
2022-12-05,002624.SZ,13.86,13.9,13.66,13.84,13.74,0.1,0.7278,355571.83,490467.832
2022-12-06,002624.SZ,13.73,13.9,13.55,13.67,13.84,-0.17,-1.2283,365896.3,501488.261
2022-12-07,002624.SZ,13.61,13.84,13.53,13.67,13.67,0.0,0.0,289022.82,395140.952
2022-12-08,002624.SZ,13.67,13.78,13.42,13.76,13.67,0.09,0.6584,348218.81,474196.811
2022-12-09,002624.SZ,13.7,13.74,13.42,13.58,13.76,-0.18,-1.3081,315183.84,426930.327
2022-12-12,002624.SZ,13.47,13.65,13.27,13.28,13.58,-0.3,-2.2091,296845.32,397034.627
2022-12-13,002624.SZ,13.28,14.61,13.2,13.87,13.28,0.59,4.4428,691362.16,953381.788
2022-12-14,002624.SZ,13.5,13.55,13.23,13.39,13.87,-0.48,-3.4607,473490.11,633781.84
2022-12-15,002624.SZ,13.26,13.39,12.96,13.05,13.39,-0.34,-2.5392,418952.4,550648.415
2022-12-16,002624.SZ,12.9,13.09,12.79,12.86,13.05,-0.19,-1.4559,333576.41,429541.607
2022-12-19,002624.SZ,12.9,12.99,12.57,12.65,12.86,-0.21,-1.633,253042.29,323319.393
2022-12-20,002624.SZ,12.62,12.73,12.43,12.5,12.65,-0.15,-1.1858,190509.72,239511.908
2022-12-21,002624.SZ,12.52,12.65,12.45,12.55,12.5,0.05,0.4,147375.42,184900.546
2022-12-22,002624.SZ,12.59,13.01,12.55,12.73,12.55,0.18,1.4343,338382.9,432374.445
2022-12-23,002624.SZ,12.53,12.99,12.51,12.82,12.73,0.09,0.707,235514.49,301828.485
2022-12-26,002624.SZ,12.75,12.85,12.67,12.74,12.82,-0.08,-0.624,185029.38,235692.579
2022-12-27,002624.SZ,12.78,12.8,12.47,12.63,12.74,-0.11,-0.8634,228878.38,288207.276
2022-12-28,002624.SZ,12.59,12.9,12.3,12.87,12.63,0.24,1.9002,338987.14,428563.164
2022-12-29,002624.SZ,13.03,13.08,12.56,12.56,12.87,-0.31,-2.4087,491144.73,630625.362
2022-12-30,002624.SZ,12.4,12.81,12.37,12.72,12.56,0.16,1.2739,307994.55,390338.574
2023-01-03,002624.SZ,12.73,12.95,12.61,12.92,12.72,0.2,1.5723,290581.23,372919.068
2023-01-04,002624.SZ,12.9,13.41,12.84,13.28,12.92,0.36,2.7864,505034.92,666156.646
2023-01-05,002624.SZ,13.25,13.89,13.21,13.47,13.28,0.19,1.4307,624280.39,848219.182
2023-01-06,002624.SZ,13.4,13.51,13.19,13.33,13.47,-0.14,-1.0393,376777.89,501630.324
2023-01-09,002624.SZ,13.29,13.73,13.29,13.51,13.33,0.18,1.3503,336399.37,455539.288
2023-01-10,002624.SZ,13.54,13.84,13.4,13.79,13.51,0.28,2.0725,430421.8,590423.739
2023-01-11,002624.SZ,13.78,13.87,13.46,13.46,13.79,-0.33,-2.393,309143.6,421226.128
2023-01-12,002624.SZ,13.53,13.65,13.4,13.57,13.46,0.11,0.8172,220182.58,298019.297
2023-01-13,002624.SZ,13.57,13.75,13.51,13.73,13.57,0.16,1.1791,231169.75,315615.782
2023-01-16,002624.SZ,13.71,13.86,13.63,13.72,13.73,-0.01,-0.0728,275298.29,378791.804
2023-01-17,002624.SZ,13.72,13.78,13.58,13.69,13.72,-0.03,-0.2187,182118.13,249012.385
2023-01-18,002624.SZ,14.0,14.31,13.79,14.2,13.69,0.51,3.7253,734887.16,1036630.137
2023-01-19,002624.SZ,14.08,14.4,14.02,14.36,14.2,0.16,1.1268,428121.75,610402.479
2023-01-20,002624.SZ,14.36,14.38,14.15,14.27,14.36,-0.09,-0.6267,289743.9,413032.3
2023-01-30,002624.SZ,14.38,14.5,13.98,14.0,14.27,-0.27,-1.8921,478661.64,678160.226
2023-01-31,002624.SZ,13.98,14.18,13.9,14.03,14.0,0.03,0.2143,299278.9,419391.367
2023-02-01,002624.SZ,14.03,14.15,13.85,14.15,14.03,0.12,0.8553,366477.71,513464.922
2023-02-02,002624.SZ,14.18,14.64,14.11,14.4,14.15,0.25,1.7668,598429.3,865059.654
2023-02-03,002624.SZ,14.33,14.65,14.22,14.47,14.4,0.07,0.4861,393793.96,568595.289
2023-02-06,002624.SZ,14.38,14.87,14.25,14.62,14.47,0.15,1.0366,557910.68,817458.589
2023-02-07,002624.SZ,14.61,14.9,14.45,14.83,14.62,0.21,1.4364,508038.16,747354.14
2023-02-08,002624.SZ,14.89,14.94,14.38,14.39,14.83,-0.44,-2.967,447691.88,651149.172
2023-02-09,002624.SZ,14.26,14.83,14.19,14.77,14.39,0.38,2.6407,429617.45,624122.202
2023-02-10,002624.SZ,14.72,15.09,14.55,14.66,14.77,-0.11,-0.7448,515600.72,763787.12
2023-02-13,002624.SZ,14.69,14.85,14.56,14.74,14.66,0.08,0.5457,352371.26,517680.029
2023-02-14,002624.SZ,14.74,14.8,14.42,14.51,14.74,-0.23,-1.5604,309893.95,451412.762
2023-02-15,002624.SZ,14.52,14.73,14.42,14.64,14.51,0.13,0.8959,344746.87,503249.297
2023-02-16,002624.SZ,14.64,15.28,14.59,14.71,14.64,0.07,0.4781,993478.67,1492279.307
2023-02-17,002624.SZ,14.92,15.19,14.25,14.25,14.71,-0.46,-3.1271,626567.84,914964.934
2023-02-20,002624.SZ,14.36,15.29,14.31,15.18,14.25,0.93,6.5263,943257.9,1409685.886
2023-02-21,002624.SZ,15.1,15.17,14.82,14.95,15.18,-0.23,-1.5152,538687.3,806931.028
2023-02-22,002624.SZ,14.83,14.86,14.46,14.73,14.95,-0.22,-1.4716,397574.04,582065.466
2023-02-23,002624.SZ,14.69,14.7,14.33,14.42,14.73,-0.31,-2.1045,378708.43,548236.934
2023-02-24,002624.SZ,14.4,14.44,14.11,14.26,14.42,-0.16,-1.1096,331982.64,472907.487
2023-02-27,002624.SZ,14.15,14.27,13.95,14.07,14.26,-0.19,-1.3324,295404.17,415512.554
2023-02-28,002624.SZ,14.13,14.26,13.98,14.24,14.07,0.17,1.2082,293337.93,414723.148
2023-03-01,002624.SZ,14.16,14.67,14.1,14.54,14.24,0.3,2.1067,482020.34,695400.541
2023-03-02,002624.SZ,14.47,15.06,14.44,14.95,14.54,0.41,2.8198,628398.04,930098.22
2023-03-03,002624.SZ,14.9,15.09,14.72,14.94,14.95,-0.01,-0.0669,391192.37,583160.904
2023-03-06,002624.SZ,14.99,15.07,14.67,14.71,14.94,-0.23,-1.5395,285414.44,423572.434
2023-03-07,002624.SZ,14.7,14.79,14.25,14.26,14.71,-0.45,-3.0591,311554.81,451129.589
2023-03-08,002624.SZ,14.2,14.51,14.18,14.36,14.26,0.1,0.7013,282047.44,404061.877
2023-03-09,002624.SZ,14.36,14.39,14.11,14.27,14.36,-0.09,-0.6267,233079.38,331746.125
2023-03-10,002624.SZ,14.11,14.18,13.93,13.95,14.27,-0.32,-2.2425,297082.08,417106.097
