cal_date,exchange,is_open,pretrade_date
2020-01-01,SSE,0,20191231
2020-01-02,SSE,1,20191231
2020-01-03,SSE,1,20200102
2020-01-04,SSE,0,20200103
2020-01-05,SSE,0,20200103
2020-01-06,SSE,1,20200103
2020-01-07,SSE,1,20200106
2020-01-08,SSE,1,20200107
2020-01-09,SSE,1,20200108
2020-01-10,SSE,1,20200109
2020-01-11,SSE,0,20200110
2020-01-12,SSE,0,20200110
2020-01-13,SSE,1,20200110
2020-01-14,SSE,1,20200113
2020-01-15,SSE,1,20200114
2020-01-16,SSE,1,20200115
2020-01-17,SSE,1,20200116
2020-01-18,SSE,0,20200117
2020-01-19,SSE,0,20200117
2020-01-20,SSE,1,20200117
2020-01-21,SSE,1,20200120
2020-01-22,SSE,1,20200121
2020-01-23,SSE,1,20200122
2020-01-24,SSE,0,20200123
2020-01-25,SSE,0,20200123
2020-01-26,SSE,0,20200123
2020-01-27,SSE,0,20200123
2020-01-28,SSE,0,20200123
2020-01-29,SSE,0,20200123
2020-01-30,SSE,0,20200123
2020-01-31,SSE,0,20200123
2020-02-01,SSE,0,20200123
2020-02-02,SSE,0,20200123
2020-02-03,SSE,1,20200123
2020-02-04,SSE,1,20200203
2020-02-05,SSE,1,20200204
2020-02-06,SSE,1,20200205
2020-02-07,SSE,1,20200206
2020-02-08,SSE,0,20200207
2020-02-09,SSE,0,20200207
2020-02-10,SSE,1,20200207
2020-02-11,SSE,1,20200210
2020-02-12,SSE,1,20200211
2020-02-13,SSE,1,20200212
2020-02-14,SSE,1,20200213
2020-02-15,SSE,0,20200214
2020-02-16,SSE,0,20200214
2020-02-17,SSE,1,20200214
2020-02-18,SSE,1,20200217
2020-02-19,SSE,1,20200218
2020-02-20,SSE,1,20200219
2020-02-21,SSE,1,20200220
2020-02-22,SSE,0,20200221
2020-02-23,SSE,0,20200221
2020-02-24,SSE,1,20200221
2020-02-25,SSE,1,20200224
2020-02-26,SSE,1,20200225
2020-02-27,SSE,1,20200226
2020-02-28,SSE,1,20200227
2020-02-29,SSE,0,20200228
2020-03-01,SSE,0,20200228
2020-03-02,SSE,1,20200228
2020-03-03,SSE,1,20200302
2020-03-04,SSE,1,20200303
2020-03-05,SSE,1,20200304
2020-03-06,SSE,1,20200305
2020-03-07,SSE,0,20200306
2020-03-08,SSE,0,20200306
2020-03-09,SSE,1,20200306
2020-03-10,SSE,1,20200309
2020-03-11,SSE,1,20200310
2020-03-12,SSE,1,20200311
2020-03-13,SSE,1,20200312
2020-03-14,SSE,0,20200313
2020-03-15,SSE,0,20200313
2020-03-16,SSE,1,20200313
2020-03-17,SSE,1,20200316
2020-03-18,SSE,1,20200317
2020-03-19,SSE,1,20200318
2020-03-20,SSE,1,20200319
2020-03-21,SSE,0,20200320
2020-03-22,SSE,0,20200320
2020-03-23,SSE,1,20200320
2020-03-24,SSE,1,20200323
2020-03-25,SSE,1,20200324
2020-03-26,SSE,1,20200325
2020-03-27,SSE,1,20200326
2020-03-28,SSE,0,20200327
2020-03-29,SSE,0,20200327
2020-03-30,SSE,1,20200327
2020-03-31,SSE,1,20200330
2020-04-01,SSE,1,20200331
2020-04-02,SSE,1,20200401
2020-04-03,SSE,1,20200402
2020-04-04,SSE,0,20200403
2020-04-05,SSE,0,20200403
2020-04-06,SSE,0,20200403
2020-04-07,SSE,1,20200403
2020-04-08,SSE,1,20200407
2020-04-09,SSE,1,20200408
2020-04-10,SSE,1,20200409
2020-04-11,SSE,0,20200410
2020-04-12,SSE,0,20200410
2020-04-13,SSE,1,20200410
2020-04-14,SSE,1,20200413
2020-04-15,SSE,1,20200414
2020-04-16,SSE,1,20200415
2020-04-17,SSE,1,20200416
2020-04-18,SSE,0,20200417
2020-04-19,SSE,0,20200417
2020-04-20,SSE,1,20200417
2020-04-21,SSE,1,20200420
2020-04-22,SSE,1,20200421
2020-04-23,SSE,1,20200422
2020-04-24,SSE,1,20200423
2020-04-25,SSE,0,20200424
2020-04-26,SSE,0,20200424
2020-04-27,SSE,1,20200424
2020-04-28,SSE,1,20200427
2020-04-29,SSE,1,20200428
2020-04-30,SSE,1,20200429
2020-05-01,SSE,0,20200430
2020-05-02,SSE,0,20200430
2020-05-03,SSE,0,20200430
2020-05-04,SSE,0,20200430
2020-05-05,SSE,0,20200430
2020-05-06,SSE,1,20200430
2020-05-07,SSE,1,20200506
2020-05-08,SSE,1,20200507
2020-05-09,SSE,0,20200508
2020-05-10,SSE,0,20200508
2020-05-11,SSE,1,20200508
2020-05-12,SSE,1,20200511
2020-05-13,SSE,1,20200512
2020-05-14,SSE,1,20200513
2020-05-15,SSE,1,20200514
2020-05-16,SSE,0,20200515
2020-05-17,SSE,0,20200515
2020-05-18,SSE,1,20200515
2020-05-19,SSE,1,20200518
2020-05-20,SSE,1,20200519
2020-05-21,SSE,1,20200520
2020-05-22,SSE,1,20200521
2020-05-23,SSE,0,20200522
2020-05-24,SSE,0,20200522
2020-05-25,SSE,1,20200522
2020-05-26,SSE,1,20200525
2020-05-27,SSE,1,20200526
2020-05-28,SSE,1,20200527
2020-05-29,SSE,1,20200528
2020-05-30,SSE,0,20200529
2020-05-31,SSE,0,20200529
2020-06-01,SSE,1,20200529
2020-06-02,SSE,1,20200601
2020-06-03,SSE,1,20200602
2020-06-04,SSE,1,20200603
2020-06-05,SSE,1,20200604
2020-06-06,SSE,0,20200605
2020-06-07,SSE,0,20200605
2020-06-08,SSE,1,20200605
2020-06-09,SSE,1,20200608
2020-06-10,SSE,1,20200609
2020-06-11,SSE,1,20200610
2020-06-12,SSE,1,20200611
2020-06-13,SSE,0,20200612
2020-06-14,SSE,0,20200612
2020-06-15,SSE,1,20200612
2020-06-16,SSE,1,20200615
2020-06-17,SSE,1,20200616
2020-06-18,SSE,1,20200617
2020-06-19,SSE,1,20200618
2020-06-20,SSE,0,20200619
2020-06-21,SSE,0,20200619
2020-06-22,SSE,1,20200619
2020-06-23,SSE,1,20200622
2020-06-24,SSE,1,20200623
2020-06-25,SSE,0,20200624
2020-06-26,SSE,0,20200624
2020-06-27,SSE,0,20200624
2020-06-28,SSE,0,20200624
2020-06-29,SSE,1,20200624
2020-06-30,SSE,1,20200629
2020-07-01,SSE,1,20200630
2020-07-02,SSE,1,20200701
2020-07-03,SSE,1,20200702
2020-07-04,SSE,0,20200703
2020-07-05,SSE,0,20200703
2020-07-06,SSE,1,20200703
2020-07-07,SSE,1,20200706
2020-07-08,SSE,1,20200707
2020-07-09,SSE,1,20200708
2020-07-10,SSE,1,20200709
2020-07-11,SSE,0,20200710
2020-07-12,SSE,0,20200710
2020-07-13,SSE,1,20200710
2020-07-14,SSE,1,20200713
2020-07-15,SSE,1,20200714
2020-07-16,SSE,1,20200715
2020-07-17,SSE,1,20200716
2020-07-18,SSE,0,20200717
2020-07-19,SSE,0,20200717
2020-07-20,SSE,1,20200717
2020-07-21,SSE,1,20200720
2020-07-22,SSE,1,20200721
2020-07-23,SSE,1,20200722
2020-07-24,SSE,1,20200723
2020-07-25,SSE,0,20200724
2020-07-26,SSE,0,20200724
2020-07-27,SSE,1,20200724
2020-07-28,SSE,1,20200727
2020-07-29,SSE,1,20200728
2020-07-30,SSE,1,20200729
2020-07-31,SSE,1,20200730
2020-08-01,SSE,0,20200731
2020-08-02,SSE,0,20200731
2020-08-03,SSE,1,20200731
2020-08-04,SSE,1,20200803
2020-08-05,SSE,1,20200804
2020-08-06,SSE,1,20200805
2020-08-07,SSE,1,20200806
2020-08-08,SSE,0,20200807
2020-08-09,SSE,0,20200807
2020-08-10,SSE,1,20200807
2020-08-11,SSE,1,20200810
2020-08-12,SSE,1,20200811
2020-08-13,SSE,1,20200812
2020-08-14,SSE,1,20200813
2020-08-15,SSE,0,20200814
2020-08-16,SSE,0,20200814
2020-08-17,SSE,1,20200814
2020-08-18,SSE,1,20200817
2020-08-19,SSE,1,20200818
2020-08-20,SSE,1,20200819
2020-08-21,SSE,1,20200820
2020-08-22,SSE,0,20200821
2020-08-23,SSE,0,20200821
2020-08-24,SSE,1,20200821
2020-08-25,SSE,1,20200824
2020-08-26,SSE,1,20200825
2020-08-27,SSE,1,20200826
2020-08-28,SSE,1,20200827
2020-08-29,SSE,0,20200828
2020-08-30,SSE,0,20200828
2020-08-31,SSE,1,20200828
2020-09-01,SSE,1,20200831
2020-09-02,SSE,1,20200901
2020-09-03,SSE,1,20200902
2020-09-04,SSE,1,20200903
2020-09-05,SSE,0,20200904
2020-09-06,SSE,0,20200904
2020-09-07,SSE,1,20200904
2020-09-08,SSE,1,20200907
2020-09-09,SSE,1,20200908
2020-09-10,SSE,1,20200909
2020-09-11,SSE,1,20200910
2020-09-12,SSE,0,20200911
2020-09-13,SSE,0,20200911
2020-09-14,SSE,1,20200911
2020-09-15,SSE,1,20200914
2020-09-16,SSE,1,20200915
2020-09-17,SSE,1,20200916
2020-09-18,SSE,1,20200917
2020-09-19,SSE,0,20200918
2020-09-20,SSE,0,20200918
2020-09-21,SSE,1,20200918
2020-09-22,SSE,1,20200921
2020-09-23,SSE,1,20200922
2020-09-24,SSE,1,20200923
2020-09-25,SSE,1,20200924
2020-09-26,SSE,0,20200925
2020-09-27,SSE,0,20200925
2020-09-28,SSE,1,20200925
2020-09-29,SSE,1,20200928
2020-09-30,SSE,1,20200929
2020-10-01,SSE,0,20200930
2020-10-02,SSE,0,20200930
2020-10-03,SSE,0,20200930
2020-10-04,SSE,0,20200930
2020-10-05,SSE,0,20200930
2020-10-06,SSE,0,20200930
2020-10-07,SSE,0,20200930
2020-10-08,SSE,0,20200930
2020-10-09,SSE,1,20200930
2020-10-10,SSE,0,20201009
2020-10-11,SSE,0,20201009
2020-10-12,SSE,1,20201009
2020-10-13,SSE,1,20201012
2020-10-14,SSE,1,20201013
2020-10-15,SSE,1,20201014
2020-10-16,SSE,1,20201015
2020-10-17,SSE,0,20201016
2020-10-18,SSE,0,20201016
2020-10-19,SSE,1,20201016
2020-10-20,SSE,1,20201019
2020-10-21,SSE,1,20201020
2020-10-22,SSE,1,20201021
2020-10-23,SSE,1,20201022
2020-10-24,SSE,0,20201023
2020-10-25,SSE,0,20201023
2020-10-26,SSE,1,20201023
2020-10-27,SSE,1,20201026
2020-10-28,SSE,1,20201027
2020-10-29,SSE,1,20201028
2020-10-30,SSE,1,20201029
2020-10-31,SSE,0,20201030
2020-11-01,SSE,0,20201030
2020-11-02,SSE,1,20201030
2020-11-03,SSE,1,20201102
2020-11-04,SSE,1,20201103
2020-11-05,SSE,1,20201104
2020-11-06,SSE,1,20201105
2020-11-07,SSE,0,20201106
2020-11-08,SSE,0,20201106
2020-11-09,SSE,1,20201106
2020-11-10,SSE,1,20201109
2020-11-11,SSE,1,20201110
2020-11-12,SSE,1,20201111
2020-11-13,SSE,1,20201112
2020-11-14,SSE,0,20201113
2020-11-15,SSE,0,20201113
2020-11-16,SSE,1,20201113
2020-11-17,SSE,1,20201116
2020-11-18,SSE,1,20201117
2020-11-19,SSE,1,20201118
2020-11-20,SSE,1,20201119
2020-11-21,SSE,0,20201120
2020-11-22,SSE,0,20201120
2020-11-23,SSE,1,20201120
2020-11-24,SSE,1,20201123
2020-11-25,SSE,1,20201124
2020-11-26,SSE,1,20201125
2020-11-27,SSE,1,20201126
2020-11-28,SSE,0,20201127
2020-11-29,SSE,0,20201127
2020-11-30,SSE,1,20201127
2020-12-01,SSE,1,20201130
2020-12-02,SSE,1,20201201
2020-12-03,SSE,1,20201202
2020-12-04,SSE,1,20201203
2020-12-05,SSE,0,20201204
2020-12-06,SSE,0,20201204
2020-12-07,SSE,1,20201204
2020-12-08,SSE,1,20201207
2020-12-09,SSE,1,20201208
2020-12-10,SSE,1,20201209
2020-12-11,SSE,1,20201210
2020-12-12,SSE,0,20201211
2020-12-13,SSE,0,20201211
2020-12-14,SSE,1,20201211
2020-12-15,SSE,1,20201214
2020-12-16,SSE,1,20201215
2020-12-17,SSE,1,20201216
2020-12-18,SSE,1,20201217
2020-12-19,SSE,0,20201218
2020-12-20,SSE,0,20201218
2020-12-21,SSE,1,20201218
2020-12-22,SSE,1,20201221
2020-12-23,SSE,1,20201222
2020-12-24,SSE,1,20201223
2020-12-25,SSE,1,20201224
2020-12-26,SSE,0,20201225
2020-12-27,SSE,0,20201225
2020-12-28,SSE,1,20201225
2020-12-29,SSE,1,20201228
2020-12-30,SSE,1,20201229
2020-12-31,SSE,1,20201230
2021-01-01,SSE,0,20201231
2021-01-02,SSE,0,20201231
2021-01-03,SSE,0,20201231
2021-01-04,SSE,1,20201231
2021-01-05,SSE,1,20210104
2021-01-06,SSE,1,20210105
2021-01-07,SSE,1,20210106
2021-01-08,SSE,1,20210107
2021-01-09,SSE,0,20210108
2021-01-10,SSE,0,20210108
2021-01-11,SSE,1,20210108
2021-01-12,SSE,1,20210111
2021-01-13,SSE,1,20210112
2021-01-14,SSE,1,20210113
2021-01-15,SSE,1,20210114
2021-01-16,SSE,0,20210115
2021-01-17,SSE,0,20210115
2021-01-18,SSE,1,20210115
2021-01-19,SSE,1,20210118
2021-01-20,SSE,1,20210119
2021-01-21,SSE,1,20210120
2021-01-22,SSE,1,20210121
2021-01-23,SSE,0,20210122
2021-01-24,SSE,0,20210122
2021-01-25,SSE,1,20210122
2021-01-26,SSE,1,20210125
2021-01-27,SSE,1,20210126
2021-01-28,SSE,1,20210127
2021-01-29,SSE,1,20210128
2021-01-30,SSE,0,20210129
2021-01-31,SSE,0,20210129
2021-02-01,SSE,1,20210129
2021-02-02,SSE,1,20210201
2021-02-03,SSE,1,20210202
2021-02-04,SSE,1,20210203
2021-02-05,SSE,1,20210204
2021-02-06,SSE,0,20210205
2021-02-07,SSE,0,20210205
2021-02-08,SSE,1,20210205
2021-02-09,SSE,1,20210208
2021-02-10,SSE,1,20210209
2021-02-11,SSE,0,20210210
2021-02-12,SSE,0,20210210
2021-02-13,SSE,0,20210210
2021-02-14,SSE,0,20210210
2021-02-15,SSE,0,20210210
2021-02-16,SSE,0,20210210
2021-02-17,SSE,0,20210210
2021-02-18,SSE,1,20210210
2021-02-19,SSE,1,20210218
2021-02-20,SSE,0,20210219
2021-02-21,SSE,0,20210219
2021-02-22,SSE,1,20210219
2021-02-23,SSE,1,20210222
2021-02-24,SSE,1,20210223
2021-02-25,SSE,1,20210224
2021-02-26,SSE,1,20210225
2021-02-27,SSE,0,20210226
2021-02-28,SSE,0,20210226
2021-03-01,SSE,1,20210226
2021-03-02,SSE,1,20210301
2021-03-03,SSE,1,20210302
2021-03-04,SSE,1,20210303
2021-03-05,SSE,1,20210304
2021-03-06,SSE,0,20210305
2021-03-07,SSE,0,20210305
2021-03-08,SSE,1,20210305
2021-03-09,SSE,1,20210308
2021-03-10,SSE,1,20210309
2021-03-11,SSE,1,20210310
2021-03-12,SSE,1,20210311
2021-03-13,SSE,0,20210312
2021-03-14,SSE,0,20210312
2021-03-15,SSE,1,20210312
2021-03-16,SSE,1,20210315
2021-03-17,SSE,1,20210316
2021-03-18,SSE,1,20210317
2021-03-19,SSE,1,20210318
2021-03-20,SSE,0,20210319
2021-03-21,SSE,0,20210319
2021-03-22,SSE,1,20210319
2021-03-23,SSE,1,20210322
2021-03-24,SSE,1,20210323
2021-03-25,SSE,1,20210324
2021-03-26,SSE,1,20210325
2021-03-27,SSE,0,20210326
2021-03-28,SSE,0,20210326
2021-03-29,SSE,1,20210326
2021-03-30,SSE,1,20210329
2021-03-31,SSE,1,20210330
2021-04-01,SSE,1,20210331
2021-04-02,SSE,1,20210401
2021-04-03,SSE,0,20210402
2021-04-04,SSE,0,20210402
2021-04-05,SSE,0,20210402
2021-04-06,SSE,1,20210402
2021-04-07,SSE,1,20210406
2021-04-08,SSE,1,20210407
2021-04-09,SSE,1,20210408
2021-04-10,SSE,0,20210409
2021-04-11,SSE,0,20210409
2021-04-12,SSE,1,20210409
2021-04-13,SSE,1,20210412
2021-04-14,SSE,1,20210413
2021-04-15,SSE,1,20210414
2021-04-16,SSE,1,20210415
2021-04-17,SSE,0,20210416
2021-04-18,SSE,0,20210416
2021-04-19,SSE,1,20210416
2021-04-20,SSE,1,20210419
2021-04-21,SSE,1,20210420
2021-04-22,SSE,1,20210421
2021-04-23,SSE,1,20210422
2021-04-24,SSE,0,20210423
2021-04-25,SSE,0,20210423
2021-04-26,SSE,1,20210423
2021-04-27,SSE,1,20210426
2021-04-28,SSE,1,20210427
2021-04-29,SSE,1,20210428
2021-04-30,SSE,1,20210429
2021-05-01,SSE,0,20210430
2021-05-02,SSE,0,20210430
2021-05-03,SSE,0,20210430
2021-05-04,SSE,0,20210430
2021-05-05,SSE,0,20210430
2021-05-06,SSE,1,20210430
2021-05-07,SSE,1,20210506
2021-05-08,SSE,0,20210507
2021-05-09,SSE,0,20210507
2021-05-10,SSE,1,20210507
2021-05-11,SSE,1,20210510
2021-05-12,SSE,1,20210511
2021-05-13,SSE,1,20210512
2021-05-14,SSE,1,20210513
2021-05-15,SSE,0,20210514
2021-05-16,SSE,0,20210514
2021-05-17,SSE,1,20210514
2021-05-18,SSE,1,20210517
2021-05-19,SSE,1,20210518
2021-05-20,SSE,1,20210519
2021-05-21,SSE,1,20210520
2021-05-22,SSE,0,20210521
2021-05-23,SSE,0,20210521
2021-05-24,SSE,1,20210521
2021-05-25,SSE,1,20210524
2021-05-26,SSE,1,20210525
2021-05-27,SSE,1,20210526
2021-05-28,SSE,1,20210527
2021-05-29,SSE,0,20210528
2021-05-30,SSE,0,20210528
2021-05-31,SSE,1,20210528
2021-06-01,SSE,1,20210531
2021-06-02,SSE,1,20210601
2021-06-03,SSE,1,20210602
2021-06-04,SSE,1,20210603
2021-06-05,SSE,0,20210604
2021-06-06,SSE,0,20210604
2021-06-07,SSE,1,20210604
2021-06-08,SSE,1,20210607
2021-06-09,SSE,1,20210608
2021-06-10,SSE,1,20210609
2021-06-11,SSE,1,20210610
2021-06-12,SSE,0,20210611
2021-06-13,SSE,0,20210611
2021-06-14,SSE,0,20210611
2021-06-15,SSE,1,20210611
2021-06-16,SSE,1,20210615
2021-06-17,SSE,1,20210616
2021-06-18,SSE,1,20210617
2021-06-19,SSE,0,20210618
2021-06-20,SSE,0,20210618
2021-06-21,SSE,1,20210618
2021-06-22,SSE,1,20210621
2021-06-23,SSE,1,20210622
2021-06-24,SSE,1,20210623
2021-06-25,SSE,1,20210624
2021-06-26,SSE,0,20210625
2021-06-27,SSE,0,20210625
2021-06-28,SSE,1,20210625
2021-06-29,SSE,1,20210628
2021-06-30,SSE,1,20210629
2021-07-01,SSE,1,20210630
2021-07-02,SSE,1,20210701
2021-07-03,SSE,0,20210702
2021-07-04,SSE,0,20210702
2021-07-05,SSE,1,20210702
2021-07-06,SSE,1,20210705
2021-07-07,SSE,1,20210706
2021-07-08,SSE,1,20210707
2021-07-09,SSE,1,20210708
2021-07-10,SSE,0,20210709
2021-07-11,SSE,0,20210709
2021-07-12,SSE,1,20210709
2021-07-13,SSE,1,20210712
2021-07-14,SSE,1,20210713
2021-07-15,SSE,1,20210714
2021-07-16,SSE,1,20210715
2021-07-17,SSE,0,20210716
2021-07-18,SSE,0,20210716
2021-07-19,SSE,1,20210716
2021-07-20,SSE,1,20210719
2021-07-21,SSE,1,20210720
2021-07-22,SSE,1,20210721
2021-07-23,SSE,1,20210722
2021-07-24,SSE,0,20210723
2021-07-25,SSE,0,20210723
2021-07-26,SSE,1,20210723
2021-07-27,SSE,1,20210726
2021-07-28,SSE,1,20210727
2021-07-29,SSE,1,20210728
2021-07-30,SSE,1,20210729
2021-07-31,SSE,0,20210730
2021-08-01,SSE,0,20210730
2021-08-02,SSE,1,20210730
2021-08-03,SSE,1,20210802
2021-08-04,SSE,1,20210803
2021-08-05,SSE,1,20210804
2021-08-06,SSE,1,20210805
2021-08-07,SSE,0,20210806
2021-08-08,SSE,0,20210806
2021-08-09,SSE,1,20210806
2021-08-10,SSE,1,20210809
2021-08-11,SSE,1,20210810
2021-08-12,SSE,1,20210811
2021-08-13,SSE,1,20210812
2021-08-14,SSE,0,20210813
2021-08-15,SSE,0,20210813
2021-08-16,SSE,1,20210813
2021-08-17,SSE,1,20210816
2021-08-18,SSE,1,20210817
2021-08-19,SSE,1,20210818
2021-08-20,SSE,1,20210819
2021-08-21,SSE,0,20210820
2021-08-22,SSE,0,20210820
2021-08-23,SSE,1,20210820
2021-08-24,SSE,1,20210823
2021-08-25,SSE,1,20210824
2021-08-26,SSE,1,20210825
2021-08-27,SSE,1,20210826
2021-08-28,SSE,0,20210827
2021-08-29,SSE,0,20210827
2021-08-30,SSE,1,20210827
2021-08-31,SSE,1,20210830
2021-09-01,SSE,1,20210831
2021-09-02,SSE,1,20210901
2021-09-03,SSE,1,20210902
2021-09-04,SSE,0,20210903
2021-09-05,SSE,0,20210903
2021-09-06,SSE,1,20210903
2021-09-07,SSE,1,20210906
2021-09-08,SSE,1,20210907
2021-09-09,SSE,1,20210908
2021-09-10,SSE,1,20210909
2021-09-11,SSE,0,20210910
2021-09-12,SSE,0,20210910
2021-09-13,SSE,1,20210910
2021-09-14,SSE,1,20210913
2021-09-15,SSE,1,20210914
2021-09-16,SSE,1,20210915
2021-09-17,SSE,1,20210916
2021-09-18,SSE,0,20210917
2021-09-19,SSE,0,20210917
2021-09-20,SSE,0,20210917
2021-09-21,SSE,0,20210917
2021-09-22,SSE,1,20210917
2021-09-23,SSE,1,20210922
2021-09-24,SSE,1,20210923
2021-09-25,SSE,0,20210924
2021-09-26,SSE,0,20210924
2021-09-27,SSE,1,20210924
2021-09-28,SSE,1,20210927
2021-09-29,SSE,1,20210928
2021-09-30,SSE,1,20210929
2021-10-01,SSE,0,20210930
2021-10-02,SSE,0,20210930
2021-10-03,SSE,0,20210930
2021-10-04,SSE,0,20210930
2021-10-05,SSE,0,20210930
2021-10-06,SSE,0,20210930
2021-10-07,SSE,0,20210930
2021-10-08,SSE,1,20210930
2021-10-09,SSE,0,20211008
2021-10-10,SSE,0,20211008
2021-10-11,SSE,1,20211008
2021-10-12,SSE,1,20211011
2021-10-13,SSE,1,20211012
2021-10-14,SSE,1,20211013
2021-10-15,SSE,1,20211014
2021-10-16,SSE,0,20211015
2021-10-17,SSE,0,20211015
2021-10-18,SSE,1,20211015
2021-10-19,SSE,1,20211018
2021-10-20,SSE,1,20211019
2021-10-21,SSE,1,20211020
2021-10-22,SSE,1,20211021
2021-10-23,SSE,0,20211022
2021-10-24,SSE,0,20211022
2021-10-25,SSE,1,20211022
2021-10-26,SSE,1,20211025
2021-10-27,SSE,1,20211026
2021-10-28,SSE,1,20211027
2021-10-29,SSE,1,20211028
2021-10-30,SSE,0,20211029
2021-10-31,SSE,0,20211029
2021-11-01,SSE,1,20211029
2021-11-02,SSE,1,20211101
2021-11-03,SSE,1,20211102
2021-11-04,SSE,1,20211103
2021-11-05,SSE,1,20211104
2021-11-06,SSE,0,20211105
2021-11-07,SSE,0,20211105
2021-11-08,SSE,1,20211105
2021-11-09,SSE,1,20211108
2021-11-10,SSE,1,20211109
2021-11-11,SSE,1,20211110
2021-11-12,SSE,1,20211111
2021-11-13,SSE,0,20211112
2021-11-14,SSE,0,20211112
2021-11-15,SSE,1,20211112
2021-11-16,SSE,1,20211115
2021-11-17,SSE,1,20211116
2021-11-18,SSE,1,20211117
2021-11-19,SSE,1,20211118
2021-11-20,SSE,0,20211119
2021-11-21,SSE,0,20211119
2021-11-22,SSE,1,20211119
2021-11-23,SSE,1,20211122
2021-11-24,SSE,1,20211123
2021-11-25,SSE,1,20211124
2021-11-26,SSE,1,20211125
2021-11-27,SSE,0,20211126
2021-11-28,SSE,0,20211126
2021-11-29,SSE,1,20211126
2021-11-30,SSE,1,20211129
2021-12-01,SSE,1,20211130
2021-12-02,SSE,1,20211201
2021-12-03,SSE,1,20211202
2021-12-04,SSE,0,20211203
2021-12-05,SSE,0,20211203
2021-12-06,SSE,1,20211203
2021-12-07,SSE,1,20211206
2021-12-08,SSE,1,20211207
2021-12-09,SSE,1,20211208
2021-12-10,SSE,1,20211209
2021-12-11,SSE,0,20211210
2021-12-12,SSE,0,20211210
2021-12-13,SSE,1,20211210
2021-12-14,SSE,1,20211213
2021-12-15,SSE,1,20211214
2021-12-16,SSE,1,20211215
2021-12-17,SSE,1,20211216
2021-12-18,SSE,0,20211217
2021-12-19,SSE,0,20211217
2021-12-20,SSE,1,20211217
2021-12-21,SSE,1,20211220
2021-12-22,SSE,1,20211221
2021-12-23,SSE,1,20211222
2021-12-24,SSE,1,20211223
2021-12-25,SSE,0,20211224
2021-12-26,SSE,0,20211224
2021-12-27,SSE,1,20211224
2021-12-28,SSE,1,20211227
2021-12-29,SSE,1,20211228
2021-12-30,SSE,1,20211229
2021-12-31,SSE,1,20211230
2022-01-01,SSE,0,20211231
2022-01-02,SSE,0,20211231
2022-01-03,SSE,0,20211231
2022-01-04,SSE,1,20211231
2022-01-05,SSE,1,20220104
2022-01-06,SSE,1,20220105
2022-01-07,SSE,1,20220106
2022-01-08,SSE,0,20220107
2022-01-09,SSE,0,20220107
2022-01-10,SSE,1,20220107
2022-01-11,SSE,1,20220110
2022-01-12,SSE,1,20220111
2022-01-13,SSE,1,20220112
2022-01-14,SSE,1,20220113
2022-01-15,SSE,0,20220114
2022-01-16,SSE,0,20220114
2022-01-17,SSE,1,20220114
2022-01-18,SSE,1,20220117
2022-01-19,SSE,1,20220118
2022-01-20,SSE,1,20220119
2022-01-21,SSE,1,20220120
2022-01-22,SSE,0,20220121
2022-01-23,SSE,0,20220121
2022-01-24,SSE,1,20220121
2022-01-25,SSE,1,20220124
2022-01-26,SSE,1,20220125
2022-01-27,SSE,1,20220126
2022-01-28,SSE,1,20220127
2022-01-29,SSE,0,20220128
2022-01-30,SSE,0,20220128
2022-01-31,SSE,0,20220128
2022-02-01,SSE,0,20220128
2022-02-02,SSE,0,20220128
2022-02-03,SSE,0,20220128
2022-02-04,SSE,0,20220128
2022-02-05,SSE,0,20220128
2022-02-06,SSE,0,20220128
2022-02-07,SSE,1,20220128
2022-02-08,SSE,1,20220207
2022-02-09,SSE,1,20220208
2022-02-10,SSE,1,20220209
2022-02-11,SSE,1,20220210
2022-02-12,SSE,0,20220211
2022-02-13,SSE,0,20220211
2022-02-14,SSE,1,20220211
2022-02-15,SSE,1,20220214
2022-02-16,SSE,1,20220215
2022-02-17,SSE,1,20220216
2022-02-18,SSE,1,20220217
2022-02-19,SSE,0,20220218
2022-02-20,SSE,0,20220218
2022-02-21,SSE,1,20220218
2022-02-22,SSE,1,20220221
2022-02-23,SSE,1,20220222
2022-02-24,SSE,1,20220223
2022-02-25,SSE,1,20220224
2022-02-26,SSE,0,20220225
2022-02-27,SSE,0,20220225
2022-02-28,SSE,1,20220225
2022-03-01,SSE,1,20220228
2022-03-02,SSE,1,20220301
2022-03-03,SSE,1,20220302
2022-03-04,SSE,1,20220303
2022-03-05,SSE,0,20220304
2022-03-06,SSE,0,20220304
2022-03-07,SSE,1,20220304
2022-03-08,SSE,1,20220307
2022-03-09,SSE,1,20220308
2022-03-10,SSE,1,20220309
2022-03-11,SSE,1,20220310
2022-03-12,SSE,0,20220311
2022-03-13,SSE,0,20220311
2022-03-14,SSE,1,20220311
2022-03-15,SSE,1,20220314
2022-03-16,SSE,1,20220315
2022-03-17,SSE,1,20220316
2022-03-18,SSE,1,20220317
2022-03-19,SSE,0,20220318
2022-03-20,SSE,0,20220318
2022-03-21,SSE,1,20220318
2022-03-22,SSE,1,20220321
2022-03-23,SSE,1,20220322
2022-03-24,SSE,1,20220323
2022-03-25,SSE,1,20220324
2022-03-26,SSE,0,20220325
2022-03-27,SSE,0,20220325
2022-03-28,SSE,1,20220325
2022-03-29,SSE,1,20220328
2022-03-30,SSE,1,20220329
2022-03-31,SSE,1,20220330
2022-04-01,SSE,1,20220331
2022-04-02,SSE,0,20220401
2022-04-03,SSE,0,20220401
2022-04-04,SSE,0,20220401
2022-04-05,SSE,0,20220401
2022-04-06,SSE,1,20220401
2022-04-07,SSE,1,20220406
2022-04-08,SSE,1,20220407
2022-04-09,SSE,0,20220408
2022-04-10,SSE,0,20220408
2022-04-11,SSE,1,20220408
2022-04-12,SSE,1,20220411
2022-04-13,SSE,1,20220412
2022-04-14,SSE,1,20220413
2022-04-15,SSE,1,20220414
2022-04-16,SSE,0,20220415
2022-04-17,SSE,0,20220415
2022-04-18,SSE,1,20220415
2022-04-19,SSE,1,20220418
2022-04-20,SSE,1,20220419
2022-04-21,SSE,1,20220420
2022-04-22,SSE,1,20220421
2022-04-23,SSE,0,20220422
2022-04-24,SSE,0,20220422
2022-04-25,SSE,1,20220422
2022-04-26,SSE,1,20220425
2022-04-27,SSE,1,20220426
2022-04-28,SSE,1,20220427
2022-04-29,SSE,1,20220428
2022-04-30,SSE,0,20220429
2022-05-01,SSE,0,20220429
2022-05-02,SSE,0,20220429
2022-05-03,SSE,0,20220429
2022-05-04,SSE,0,20220429
2022-05-05,SSE,1,20220429
2022-05-06,SSE,1,20220505
2022-05-07,SSE,0,20220506
2022-05-08,SSE,0,20220506
2022-05-09,SSE,1,20220506
2022-05-10,SSE,1,20220509
2022-05-11,SSE,1,20220510
2022-05-12,SSE,1,20220511
2022-05-13,SSE,1,20220512
2022-05-14,SSE,0,20220513
2022-05-15,SSE,0,20220513
2022-05-16,SSE,1,20220513
2022-05-17,SSE,1,20220516
2022-05-18,SSE,1,20220517
2022-05-19,SSE,1,20220518
2022-05-20,SSE,1,20220519
2022-05-21,SSE,0,20220520
2022-05-22,SSE,0,20220520
2022-05-23,SSE,1,20220520
2022-05-24,SSE,1,20220523
2022-05-25,SSE,1,20220524
2022-05-26,SSE,1,20220525
2022-05-27,SSE,1,20220526
2022-05-28,SSE,0,20220527
2022-05-29,SSE,0,20220527
2022-05-30,SSE,1,20220527
2022-05-31,SSE,1,20220530
2022-06-01,SSE,1,20220531
2022-06-02,SSE,1,20220601
2022-06-03,SSE,0,20220602
2022-06-04,SSE,0,20220602
2022-06-05,SSE,0,20220602
2022-06-06,SSE,1,20220602
2022-06-07,SSE,1,20220606
2022-06-08,SSE,1,20220607
2022-06-09,SSE,1,20220608
2022-06-10,SSE,1,20220609
2022-06-11,SSE,0,20220610
2022-06-12,SSE,0,20220610
2022-06-13,SSE,1,20220610
2022-06-14,SSE,1,20220613
2022-06-15,SSE,1,20220614
2022-06-16,SSE,1,20220615
2022-06-17,SSE,1,20220616
2022-06-18,SSE,0,20220617
2022-06-19,SSE,0,20220617
2022-06-20,SSE,1,20220617
2022-06-21,SSE,1,20220620
2022-06-22,SSE,1,20220621
2022-06-23,SSE,1,20220622
2022-06-24,SSE,1,20220623
2022-06-25,SSE,0,20220624
2022-06-26,SSE,0,20220624
2022-06-27,SSE,1,20220624
2022-06-28,SSE,1,20220627
2022-06-29,SSE,1,20220628
2022-06-30,SSE,1,20220629
2022-07-01,SSE,1,20220630
2022-07-02,SSE,0,20220701
2022-07-03,SSE,0,20220701
2022-07-04,SSE,1,20220701
2022-07-05,SSE,1,20220704
2022-07-06,SSE,1,20220705
2022-07-07,SSE,1,20220706
2022-07-08,SSE,1,20220707
2022-07-09,SSE,0,20220708
2022-07-10,SSE,0,20220708
2022-07-11,SSE,1,20220708
2022-07-12,SSE,1,20220711
2022-07-13,SSE,1,20220712
2022-07-14,SSE,1,20220713
2022-07-15,SSE,1,20220714
2022-07-16,SSE,0,20220715
2022-07-17,SSE,0,20220715
2022-07-18,SSE,1,20220715
2022-07-19,SSE,1,20220718
2022-07-20,SSE,1,20220719
2022-07-21,SSE,1,20220720
2022-07-22,SSE,1,20220721
2022-07-23,SSE,0,20220722
2022-07-24,SSE,0,20220722
2022-07-25,SSE,1,20220722
2022-07-26,SSE,1,20220725
2022-07-27,SSE,1,20220726
2022-07-28,SSE,1,20220727
2022-07-29,SSE,1,20220728
2022-07-30,SSE,0,20220729
2022-07-31,SSE,0,20220729
2022-08-01,SSE,1,20220729
2022-08-02,SSE,1,20220801
2022-08-03,SSE,1,20220802
2022-08-04,SSE,1,20220803
2022-08-05,SSE,1,20220804
2022-08-06,SSE,0,20220805
2022-08-07,SSE,0,20220805
2022-08-08,SSE,1,20220805
2022-08-09,SSE,1,20220808
2022-08-10,SSE,1,20220809
2022-08-11,SSE,1,20220810
2022-08-12,SSE,1,20220811
2022-08-13,SSE,0,20220812
2022-08-14,SSE,0,20220812
2022-08-15,SSE,1,20220812
2022-08-16,SSE,1,20220815
2022-08-17,SSE,1,20220816
2022-08-18,SSE,1,20220817
2022-08-19,SSE,1,20220818
2022-08-20,SSE,0,20220819
2022-08-21,SSE,0,20220819
2022-08-22,SSE,1,20220819
2022-08-23,SSE,1,20220822
2022-08-24,SSE,1,20220823
2022-08-25,SSE,1,20220824
2022-08-26,SSE,1,20220825
2022-08-27,SSE,0,20220826
2022-08-28,SSE,0,20220826
2022-08-29,SSE,1,20220826
2022-08-30,SSE,1,20220829
2022-08-31,SSE,1,20220830
2022-09-01,SSE,1,20220831
2022-09-02,SSE,1,20220901
2022-09-03,SSE,0,20220902
2022-09-04,SSE,0,20220902
2022-09-05,SSE,1,20220902
2022-09-06,SSE,1,20220905
2022-09-07,SSE,1,20220906
2022-09-08,SSE,1,20220907
2022-09-09,SSE,1,20220908
2022-09-10,SSE,0,20220909
2022-09-11,SSE,0,20220909
2022-09-12,SSE,0,20220909
2022-09-13,SSE,1,20220909
2022-09-14,SSE,1,20220913
2022-09-15,SSE,1,20220914
2022-09-16,SSE,1,20220915
2022-09-17,SSE,0,20220916
2022-09-18,SSE,0,20220916
2022-09-19,SSE,1,20220916
2022-09-20,SSE,1,20220919
2022-09-21,SSE,1,20220920
2022-09-22,SSE,1,20220921
2022-09-23,SSE,1,20220922
2022-09-24,SSE,0,20220923
2022-09-25,SSE,0,20220923
2022-09-26,SSE,1,20220923
2022-09-27,SSE,1,20220926
2022-09-28,SSE,1,20220927
2022-09-29,SSE,1,20220928
2022-09-30,SSE,1,20220929
2022-10-01,SSE,0,20220930
2022-10-02,SSE,0,20220930
2022-10-03,SSE,0,20220930
2022-10-04,SSE,0,20220930
2022-10-05,SSE,0,20220930
2022-10-06,SSE,0,20220930
2022-10-07,SSE,0,20220930
2022-10-08,SSE,0,20220930
2022-10-09,SSE,0,20220930
2022-10-10,SSE,1,20220930
2022-10-11,SSE,1,20221010
2022-10-12,SSE,1,20221011
2022-10-13,SSE,1,20221012
2022-10-14,SSE,1,20221013
2022-10-15,SSE,0,20221014
2022-10-16,SSE,0,20221014
2022-10-17,SSE,1,20221014
2022-10-18,SSE,1,20221017
2022-10-19,SSE,1,20221018
2022-10-20,SSE,1,20221019
2022-10-21,SSE,1,20221020
2022-10-22,SSE,0,20221021
2022-10-23,SSE,0,20221021
2022-10-24,SSE,1,20221021
2022-10-25,SSE,1,20221024
2022-10-26,SSE,1,20221025
2022-10-27,SSE,1,20221026
2022-10-28,SSE,1,20221027
2022-10-29,SSE,0,20221028
2022-10-30,SSE,0,20221028
2022-10-31,SSE,1,20221028
2022-11-01,SSE,1,20221031
2022-11-02,SSE,1,20221101
2022-11-03,SSE,1,20221102
2022-11-04,SSE,1,20221103
2022-11-05,SSE,0,20221104
2022-11-06,SSE,0,20221104
2022-11-07,SSE,1,20221104
2022-11-08,SSE,1,20221107
2022-11-09,SSE,1,20221108
2022-11-10,SSE,1,20221109
2022-11-11,SSE,1,20221110
2022-11-12,SSE,0,20221111
2022-11-13,SSE,0,20221111
2022-11-14,SSE,1,20221111
2022-11-15,SSE,1,20221114
2022-11-16,SSE,1,20221115
2022-11-17,SSE,1,20221116
2022-11-18,SSE,1,20221117
2022-11-19,SSE,0,20221118
2022-11-20,SSE,0,20221118
2022-11-21,SSE,1,20221118
2022-11-22,SSE,1,20221121
2022-11-23,SSE,1,20221122
2022-11-24,SSE,1,20221123
2022-11-25,SSE,1,20221124
2022-11-26,SSE,0,20221125
2022-11-27,SSE,0,20221125
2022-11-28,SSE,1,20221125
2022-11-29,SSE,1,20221128
2022-11-30,SSE,1,20221129
2022-12-01,SSE,1,20221130
2022-12-02,SSE,1,20221201
2022-12-03,SSE,0,20221202
2022-12-04,SSE,0,20221202
2022-12-05,SSE,1,20221202
2022-12-06,SSE,1,20221205
2022-12-07,SSE,1,20221206
2022-12-08,SSE,1,20221207
2022-12-09,SSE,1,20221208
2022-12-10,SSE,0,20221209
2022-12-11,SSE,0,20221209
2022-12-12,SSE,1,20221209
2022-12-13,SSE,1,20221212
2022-12-14,SSE,1,20221213
2022-12-15,SSE,1,20221214
2022-12-16,SSE,1,20221215
2022-12-17,SSE,0,20221216
2022-12-18,SSE,0,20221216
2022-12-19,SSE,1,20221216
2022-12-20,SSE,1,20221219
2022-12-21,SSE,1,20221220
2022-12-22,SSE,1,20221221
2022-12-23,SSE,1,20221222
2022-12-24,SSE,0,20221223
2022-12-25,SSE,0,20221223
2022-12-26,SSE,1,20221223
2022-12-27,SSE,1,20221226
2022-12-28,SSE,1,20221227
2022-12-29,SSE,1,20221228
2022-12-30,SSE,1,20221229
2022-12-31,SSE,0,20221230
2023-01-01,SSE,0,20221230
2023-01-02,SSE,0,20221230
2023-01-03,SSE,1,20221230
2023-01-04,SSE,1,20230103
2023-01-05,SSE,1,20230104
2023-01-06,SSE,1,20230105
2023-01-07,SSE,0,20230106
2023-01-08,SSE,0,20230106
2023-01-09,SSE,1,20230106
2023-01-10,SSE,1,20230109
2023-01-11,SSE,1,20230110
2023-01-12,SSE,1,20230111
2023-01-13,SSE,1,20230112
2023-01-14,SSE,0,20230113
2023-01-15,SSE,0,20230113
2023-01-16,SSE,1,20230113
2023-01-17,SSE,1,20230116
2023-01-18,SSE,1,20230117
2023-01-19,SSE,1,20230118
2023-01-20,SSE,1,20230119
2023-01-21,SSE,0,20230120
2023-01-22,SSE,0,20230120
2023-01-23,SSE,0,20230120
2023-01-24,SSE,0,20230120
2023-01-25,SSE,0,20230120
2023-01-26,SSE,0,20230120
2023-01-27,SSE,0,20230120
2023-01-28,SSE,0,20230120
2023-01-29,SSE,0,20230120
2023-01-30,SSE,1,20230120
2023-01-31,SSE,1,20230130
2023-02-01,SSE,1,20230131
2023-02-02,SSE,1,20230201
2023-02-03,SSE,1,20230202
2023-02-04,SSE,0,20230203
2023-02-05,SSE,0,20230203
2023-02-06,SSE,1,20230203
2023-02-07,SSE,1,20230206
2023-02-08,SSE,1,20230207
2023-02-09,SSE,1,20230208
2023-02-10,SSE,1,20230209
2023-02-11,SSE,0,20230210
2023-02-12,SSE,0,20230210
2023-02-13,SSE,1,20230210
2023-02-14,SSE,1,20230213
2023-02-15,SSE,1,20230214
2023-02-16,SSE,1,20230215
2023-02-17,SSE,1,20230216
2023-02-18,SSE,0,20230217
2023-02-19,SSE,0,20230217
2023-02-20,SSE,1,20230217
2023-02-21,SSE,1,20230220
2023-02-22,SSE,1,20230221
2023-02-23,SSE,1,20230222
2023-02-24,SSE,1,20230223
2023-02-25,SSE,0,20230224
2023-02-26,SSE,0,20230224
2023-02-27,SSE,1,20230224
2023-02-28,SSE,1,20230227
2023-03-01,SSE,1,20230228
2023-03-02,SSE,1,20230301
2023-03-03,SSE,1,20230302
2023-03-04,SSE,0,20230303
2023-03-05,SSE,0,20230303
2023-03-06,SSE,1,20230303
2023-03-07,SSE,1,20230306
2023-03-08,SSE,1,20230307
2023-03-09,SSE,1,20230308
2023-03-10,SSE,1,20230309
2023-03-11,SSE,0,20230310
2023-03-12,SSE,0,20230310
2023-03-13,SSE,1,20230310
2023-03-14,SSE,1,20230313
2023-03-15,SSE,1,20230314
2023-03-16,SSE,1,20230315
2023-03-17,SSE,1,20230316
2023-03-18,SSE,0,20230317
2023-03-19,SSE,0,20230317
2023-03-20,SSE,1,20230317
2023-03-21,SSE,1,20230320
2023-03-22,SSE,1,20230321
2023-03-23,SSE,1,20230322
2023-03-24,SSE,1,20230323
2023-03-25,SSE,0,20230324
2023-03-26,SSE,0,20230324
2023-03-27,SSE,1,20230324
2023-03-28,SSE,1,20230327
2023-03-29,SSE,1,20230328
2023-03-30,SSE,1,20230329
2023-03-31,SSE,1,20230330
2023-04-01,SSE,0,20230331
2023-04-02,SSE,0,20230331
2023-04-03,SSE,1,20230331
2023-04-04,SSE,1,20230403
2023-04-05,SSE,0,20230404
